-- SynthBank seed (SYNTHETIC ONLY). Generated by generate.py.
-- Additive, namespaced tables. See schema.sql for DDL.

INSERT INTO synth_cmdb_service (id, name) VALUES ('SVC-CBS', 'Core Banking');
INSERT INTO synth_cmdb_service (id, name) VALUES ('SVC-IB', 'Internet Banking');
INSERT INTO synth_cmdb_service (id, name) VALUES ('SVC-MOB', 'Mobile & UPI');
INSERT INTO synth_cmdb_service (id, name) VALUES ('SVC-ATM', 'ATM Switch');
INSERT INTO synth_cmdb_service (id, name) VALUES ('SVC-PAY', 'Payments (NEFT/RTGS/IMPS)');
INSERT INTO synth_cmdb_service (id, name) VALUES ('SVC-CARD', 'Card Management');
INSERT INTO synth_cmdb_service (id, name) VALUES ('SVC-MAIL', 'Email & Collaboration');
INSERT INTO synth_cmdb_service (id, name) VALUES ('SVC-CRM', 'CRM');
INSERT INTO synth_cmdb_service (id, name) VALUES ('SVC-TRE', 'Treasury');

INSERT INTO synth_cmdb_service_aliases (alias, service_id) VALUES ('cbs', 'SVC-CBS');
INSERT INTO synth_cmdb_service_aliases (alias, service_id) VALUES ('core banking', 'SVC-CBS');
INSERT INTO synth_cmdb_service_aliases (alias, service_id) VALUES ('core', 'SVC-CBS');
INSERT INTO synth_cmdb_service_aliases (alias, service_id) VALUES ('internet banking', 'SVC-IB');
INSERT INTO synth_cmdb_service_aliases (alias, service_id) VALUES ('net banking', 'SVC-IB');
INSERT INTO synth_cmdb_service_aliases (alias, service_id) VALUES ('online banking', 'SVC-IB');
INSERT INTO synth_cmdb_service_aliases (alias, service_id) VALUES ('ib', 'SVC-IB');
INSERT INTO synth_cmdb_service_aliases (alias, service_id) VALUES ('mobile banking', 'SVC-MOB');
INSERT INTO synth_cmdb_service_aliases (alias, service_id) VALUES ('mobile app', 'SVC-MOB');
INSERT INTO synth_cmdb_service_aliases (alias, service_id) VALUES ('upi', 'SVC-MOB');
INSERT INTO synth_cmdb_service_aliases (alias, service_id) VALUES ('mobile', 'SVC-MOB');
INSERT INTO synth_cmdb_service_aliases (alias, service_id) VALUES ('atm', 'SVC-ATM');
INSERT INTO synth_cmdb_service_aliases (alias, service_id) VALUES ('atm switch', 'SVC-ATM');
INSERT INTO synth_cmdb_service_aliases (alias, service_id) VALUES ('atm network', 'SVC-ATM');
INSERT INTO synth_cmdb_service_aliases (alias, service_id) VALUES ('payments', 'SVC-PAY');
INSERT INTO synth_cmdb_service_aliases (alias, service_id) VALUES ('neft', 'SVC-PAY');
INSERT INTO synth_cmdb_service_aliases (alias, service_id) VALUES ('rtgs', 'SVC-PAY');
INSERT INTO synth_cmdb_service_aliases (alias, service_id) VALUES ('imps', 'SVC-PAY');
INSERT INTO synth_cmdb_service_aliases (alias, service_id) VALUES ('payment gateway', 'SVC-PAY');
INSERT INTO synth_cmdb_service_aliases (alias, service_id) VALUES ('cards', 'SVC-CARD');
INSERT INTO synth_cmdb_service_aliases (alias, service_id) VALUES ('card management', 'SVC-CARD');
INSERT INTO synth_cmdb_service_aliases (alias, service_id) VALUES ('card system', 'SVC-CARD');
INSERT INTO synth_cmdb_service_aliases (alias, service_id) VALUES ('email', 'SVC-MAIL');
INSERT INTO synth_cmdb_service_aliases (alias, service_id) VALUES ('mail', 'SVC-MAIL');
INSERT INTO synth_cmdb_service_aliases (alias, service_id) VALUES ('collaboration', 'SVC-MAIL');
INSERT INTO synth_cmdb_service_aliases (alias, service_id) VALUES ('crm', 'SVC-CRM');
INSERT INTO synth_cmdb_service_aliases (alias, service_id) VALUES ('customer relationship', 'SVC-CRM');
INSERT INTO synth_cmdb_service_aliases (alias, service_id) VALUES ('treasury', 'SVC-TRE');
INSERT INTO synth_cmdb_service_aliases (alias, service_id) VALUES ('tr', 'SVC-TRE');

INSERT INTO synth_cmdb_ci (id, service_id, kind, hostname) VALUES ('CBS-APP-01', 'SVC-CBS', 'app', 'cbs-app-01.synthbank.local');
INSERT INTO synth_cmdb_ci (id, service_id, kind, hostname) VALUES ('CBS-APP-02', 'SVC-CBS', 'app', 'cbs-app-02.synthbank.local');
INSERT INTO synth_cmdb_ci (id, service_id, kind, hostname) VALUES ('CBS-APP-03', 'SVC-CBS', 'app', 'cbs-app-03.synthbank.local');
INSERT INTO synth_cmdb_ci (id, service_id, kind, hostname) VALUES ('CBS-APP-04', 'SVC-CBS', 'app', 'cbs-app-04.synthbank.local');
INSERT INTO synth_cmdb_ci (id, service_id, kind, hostname) VALUES ('CBS-DB-05', 'SVC-CBS', 'db', 'cbs-db-05.synthbank.local');
INSERT INTO synth_cmdb_ci (id, service_id, kind, hostname) VALUES ('CBS-DB-06', 'SVC-CBS', 'db', 'cbs-db-06.synthbank.local');
INSERT INTO synth_cmdb_ci (id, service_id, kind, hostname) VALUES ('CBS-DB-07', 'SVC-CBS', 'db', 'cbs-db-07.synthbank.local');
INSERT INTO synth_cmdb_ci (id, service_id, kind, hostname) VALUES ('CBS-WEB-08', 'SVC-CBS', 'web', 'cbs-web-08.synthbank.local');
INSERT INTO synth_cmdb_ci (id, service_id, kind, hostname) VALUES ('CBS-WEB-09', 'SVC-CBS', 'web', 'cbs-web-09.synthbank.local');
INSERT INTO synth_cmdb_ci (id, service_id, kind, hostname) VALUES ('CBS-HOS-10', 'SVC-CBS', 'host', 'cbs-hos-10.synthbank.local');
INSERT INTO synth_cmdb_ci (id, service_id, kind, hostname) VALUES ('CBS-HOS-11', 'SVC-CBS', 'host', 'cbs-hos-11.synthbank.local');
INSERT INTO synth_cmdb_ci (id, service_id, kind, hostname) VALUES ('CBS-HOS-12', 'SVC-CBS', 'host', 'cbs-hos-12.synthbank.local');
INSERT INTO synth_cmdb_ci (id, service_id, kind, hostname) VALUES ('CBS-HOS-13', 'SVC-CBS', 'host', 'cbs-hos-13.synthbank.local');
INSERT INTO synth_cmdb_ci (id, service_id, kind, hostname) VALUES ('CBS-NET-14', 'SVC-CBS', 'network', 'cbs-net-14.synthbank.local');
INSERT INTO synth_cmdb_ci (id, service_id, kind, hostname) VALUES ('CBS-NET-15', 'SVC-CBS', 'network', 'cbs-net-15.synthbank.local');
INSERT INTO synth_cmdb_ci (id, service_id, kind, hostname) VALUES ('CBS-NET-16', 'SVC-CBS', 'network', 'cbs-net-16.synthbank.local');
INSERT INTO synth_cmdb_ci (id, service_id, kind, hostname) VALUES ('IB-APP-01', 'SVC-IB', 'app', 'ib-app-01.synthbank.local');
INSERT INTO synth_cmdb_ci (id, service_id, kind, hostname) VALUES ('IB-APP-02', 'SVC-IB', 'app', 'ib-app-02.synthbank.local');
INSERT INTO synth_cmdb_ci (id, service_id, kind, hostname) VALUES ('IB-APP-03', 'SVC-IB', 'app', 'ib-app-03.synthbank.local');
INSERT INTO synth_cmdb_ci (id, service_id, kind, hostname) VALUES ('IB-APP-04', 'SVC-IB', 'app', 'ib-app-04.synthbank.local');
INSERT INTO synth_cmdb_ci (id, service_id, kind, hostname) VALUES ('IB-DB-05', 'SVC-IB', 'db', 'ib-db-05.synthbank.local');
INSERT INTO synth_cmdb_ci (id, service_id, kind, hostname) VALUES ('IB-DB-06', 'SVC-IB', 'db', 'ib-db-06.synthbank.local');
INSERT INTO synth_cmdb_ci (id, service_id, kind, hostname) VALUES ('IB-WEB-07', 'SVC-IB', 'web', 'ib-web-07.synthbank.local');
INSERT INTO synth_cmdb_ci (id, service_id, kind, hostname) VALUES ('IB-WEB-08', 'SVC-IB', 'web', 'ib-web-08.synthbank.local');
INSERT INTO synth_cmdb_ci (id, service_id, kind, hostname) VALUES ('IB-WEB-09', 'SVC-IB', 'web', 'ib-web-09.synthbank.local');
INSERT INTO synth_cmdb_ci (id, service_id, kind, hostname) VALUES ('IB-HOS-10', 'SVC-IB', 'host', 'ib-hos-10.synthbank.local');
INSERT INTO synth_cmdb_ci (id, service_id, kind, hostname) VALUES ('IB-HOS-11', 'SVC-IB', 'host', 'ib-hos-11.synthbank.local');
INSERT INTO synth_cmdb_ci (id, service_id, kind, hostname) VALUES ('IB-HOS-12', 'SVC-IB', 'host', 'ib-hos-12.synthbank.local');
INSERT INTO synth_cmdb_ci (id, service_id, kind, hostname) VALUES ('IB-NET-13', 'SVC-IB', 'network', 'ib-net-13.synthbank.local');
INSERT INTO synth_cmdb_ci (id, service_id, kind, hostname) VALUES ('IB-NET-14', 'SVC-IB', 'network', 'ib-net-14.synthbank.local');
INSERT INTO synth_cmdb_ci (id, service_id, kind, hostname) VALUES ('MOB-APP-01', 'SVC-MOB', 'app', 'mob-app-01.synthbank.local');
INSERT INTO synth_cmdb_ci (id, service_id, kind, hostname) VALUES ('MOB-APP-02', 'SVC-MOB', 'app', 'mob-app-02.synthbank.local');
INSERT INTO synth_cmdb_ci (id, service_id, kind, hostname) VALUES ('MOB-APP-03', 'SVC-MOB', 'app', 'mob-app-03.synthbank.local');
INSERT INTO synth_cmdb_ci (id, service_id, kind, hostname) VALUES ('MOB-APP-04', 'SVC-MOB', 'app', 'mob-app-04.synthbank.local');
INSERT INTO synth_cmdb_ci (id, service_id, kind, hostname) VALUES ('MOB-DB-05', 'SVC-MOB', 'db', 'mob-db-05.synthbank.local');
INSERT INTO synth_cmdb_ci (id, service_id, kind, hostname) VALUES ('MOB-DB-06', 'SVC-MOB', 'db', 'mob-db-06.synthbank.local');
INSERT INTO synth_cmdb_ci (id, service_id, kind, hostname) VALUES ('MOB-WEB-07', 'SVC-MOB', 'web', 'mob-web-07.synthbank.local');
INSERT INTO synth_cmdb_ci (id, service_id, kind, hostname) VALUES ('MOB-WEB-08', 'SVC-MOB', 'web', 'mob-web-08.synthbank.local');
INSERT INTO synth_cmdb_ci (id, service_id, kind, hostname) VALUES ('MOB-HOS-09', 'SVC-MOB', 'host', 'mob-hos-09.synthbank.local');
INSERT INTO synth_cmdb_ci (id, service_id, kind, hostname) VALUES ('MOB-HOS-10', 'SVC-MOB', 'host', 'mob-hos-10.synthbank.local');
INSERT INTO synth_cmdb_ci (id, service_id, kind, hostname) VALUES ('MOB-HOS-11', 'SVC-MOB', 'host', 'mob-hos-11.synthbank.local');
INSERT INTO synth_cmdb_ci (id, service_id, kind, hostname) VALUES ('MOB-NET-12', 'SVC-MOB', 'network', 'mob-net-12.synthbank.local');
INSERT INTO synth_cmdb_ci (id, service_id, kind, hostname) VALUES ('MOB-NET-13', 'SVC-MOB', 'network', 'mob-net-13.synthbank.local');
INSERT INTO synth_cmdb_ci (id, service_id, kind, hostname) VALUES ('ATM-APP-01', 'SVC-ATM', 'app', 'atm-app-01.synthbank.local');
INSERT INTO synth_cmdb_ci (id, service_id, kind, hostname) VALUES ('ATM-APP-02', 'SVC-ATM', 'app', 'atm-app-02.synthbank.local');
INSERT INTO synth_cmdb_ci (id, service_id, kind, hostname) VALUES ('ATM-APP-03', 'SVC-ATM', 'app', 'atm-app-03.synthbank.local');
INSERT INTO synth_cmdb_ci (id, service_id, kind, hostname) VALUES ('ATM-DB-04', 'SVC-ATM', 'db', 'atm-db-04.synthbank.local');
INSERT INTO synth_cmdb_ci (id, service_id, kind, hostname) VALUES ('ATM-DB-05', 'SVC-ATM', 'db', 'atm-db-05.synthbank.local');
INSERT INTO synth_cmdb_ci (id, service_id, kind, hostname) VALUES ('ATM-HOS-06', 'SVC-ATM', 'host', 'atm-hos-06.synthbank.local');
INSERT INTO synth_cmdb_ci (id, service_id, kind, hostname) VALUES ('ATM-HOS-07', 'SVC-ATM', 'host', 'atm-hos-07.synthbank.local');
INSERT INTO synth_cmdb_ci (id, service_id, kind, hostname) VALUES ('ATM-HOS-08', 'SVC-ATM', 'host', 'atm-hos-08.synthbank.local');
INSERT INTO synth_cmdb_ci (id, service_id, kind, hostname) VALUES ('ATM-NET-09', 'SVC-ATM', 'network', 'atm-net-09.synthbank.local');
INSERT INTO synth_cmdb_ci (id, service_id, kind, hostname) VALUES ('ATM-NET-10', 'SVC-ATM', 'network', 'atm-net-10.synthbank.local');
INSERT INTO synth_cmdb_ci (id, service_id, kind, hostname) VALUES ('ATM-NET-11', 'SVC-ATM', 'network', 'atm-net-11.synthbank.local');
INSERT INTO synth_cmdb_ci (id, service_id, kind, hostname) VALUES ('ATM-NET-12', 'SVC-ATM', 'network', 'atm-net-12.synthbank.local');
INSERT INTO synth_cmdb_ci (id, service_id, kind, hostname) VALUES ('PAY-APP-01', 'SVC-PAY', 'app', 'pay-app-01.synthbank.local');
INSERT INTO synth_cmdb_ci (id, service_id, kind, hostname) VALUES ('PAY-APP-02', 'SVC-PAY', 'app', 'pay-app-02.synthbank.local');
INSERT INTO synth_cmdb_ci (id, service_id, kind, hostname) VALUES ('PAY-APP-03', 'SVC-PAY', 'app', 'pay-app-03.synthbank.local');
INSERT INTO synth_cmdb_ci (id, service_id, kind, hostname) VALUES ('PAY-APP-04', 'SVC-PAY', 'app', 'pay-app-04.synthbank.local');
INSERT INTO synth_cmdb_ci (id, service_id, kind, hostname) VALUES ('PAY-DB-05', 'SVC-PAY', 'db', 'pay-db-05.synthbank.local');
INSERT INTO synth_cmdb_ci (id, service_id, kind, hostname) VALUES ('PAY-DB-06', 'SVC-PAY', 'db', 'pay-db-06.synthbank.local');
INSERT INTO synth_cmdb_ci (id, service_id, kind, hostname) VALUES ('PAY-DB-07', 'SVC-PAY', 'db', 'pay-db-07.synthbank.local');
INSERT INTO synth_cmdb_ci (id, service_id, kind, hostname) VALUES ('PAY-WEB-08', 'SVC-PAY', 'web', 'pay-web-08.synthbank.local');
INSERT INTO synth_cmdb_ci (id, service_id, kind, hostname) VALUES ('PAY-WEB-09', 'SVC-PAY', 'web', 'pay-web-09.synthbank.local');
INSERT INTO synth_cmdb_ci (id, service_id, kind, hostname) VALUES ('PAY-HOS-10', 'SVC-PAY', 'host', 'pay-hos-10.synthbank.local');
INSERT INTO synth_cmdb_ci (id, service_id, kind, hostname) VALUES ('PAY-HOS-11', 'SVC-PAY', 'host', 'pay-hos-11.synthbank.local');
INSERT INTO synth_cmdb_ci (id, service_id, kind, hostname) VALUES ('PAY-HOS-12', 'SVC-PAY', 'host', 'pay-hos-12.synthbank.local');
INSERT INTO synth_cmdb_ci (id, service_id, kind, hostname) VALUES ('PAY-NET-13', 'SVC-PAY', 'network', 'pay-net-13.synthbank.local');
INSERT INTO synth_cmdb_ci (id, service_id, kind, hostname) VALUES ('PAY-NET-14', 'SVC-PAY', 'network', 'pay-net-14.synthbank.local');
INSERT INTO synth_cmdb_ci (id, service_id, kind, hostname) VALUES ('CARD-APP-01', 'SVC-CARD', 'app', 'card-app-01.synthbank.local');
INSERT INTO synth_cmdb_ci (id, service_id, kind, hostname) VALUES ('CARD-APP-02', 'SVC-CARD', 'app', 'card-app-02.synthbank.local');
INSERT INTO synth_cmdb_ci (id, service_id, kind, hostname) VALUES ('CARD-APP-03', 'SVC-CARD', 'app', 'card-app-03.synthbank.local');
INSERT INTO synth_cmdb_ci (id, service_id, kind, hostname) VALUES ('CARD-DB-04', 'SVC-CARD', 'db', 'card-db-04.synthbank.local');
INSERT INTO synth_cmdb_ci (id, service_id, kind, hostname) VALUES ('CARD-DB-05', 'SVC-CARD', 'db', 'card-db-05.synthbank.local');
INSERT INTO synth_cmdb_ci (id, service_id, kind, hostname) VALUES ('CARD-WEB-06', 'SVC-CARD', 'web', 'card-web-06.synthbank.local');
INSERT INTO synth_cmdb_ci (id, service_id, kind, hostname) VALUES ('CARD-WEB-07', 'SVC-CARD', 'web', 'card-web-07.synthbank.local');
INSERT INTO synth_cmdb_ci (id, service_id, kind, hostname) VALUES ('CARD-HOS-08', 'SVC-CARD', 'host', 'card-hos-08.synthbank.local');
INSERT INTO synth_cmdb_ci (id, service_id, kind, hostname) VALUES ('CARD-HOS-09', 'SVC-CARD', 'host', 'card-hos-09.synthbank.local');
INSERT INTO synth_cmdb_ci (id, service_id, kind, hostname) VALUES ('CARD-HOS-10', 'SVC-CARD', 'host', 'card-hos-10.synthbank.local');
INSERT INTO synth_cmdb_ci (id, service_id, kind, hostname) VALUES ('CARD-NET-11', 'SVC-CARD', 'network', 'card-net-11.synthbank.local');
INSERT INTO synth_cmdb_ci (id, service_id, kind, hostname) VALUES ('CARD-NET-12', 'SVC-CARD', 'network', 'card-net-12.synthbank.local');
INSERT INTO synth_cmdb_ci (id, service_id, kind, hostname) VALUES ('MAIL-APP-01', 'SVC-MAIL', 'app', 'mail-app-01.synthbank.local');
INSERT INTO synth_cmdb_ci (id, service_id, kind, hostname) VALUES ('MAIL-APP-02', 'SVC-MAIL', 'app', 'mail-app-02.synthbank.local');
INSERT INTO synth_cmdb_ci (id, service_id, kind, hostname) VALUES ('MAIL-APP-03', 'SVC-MAIL', 'app', 'mail-app-03.synthbank.local');
INSERT INTO synth_cmdb_ci (id, service_id, kind, hostname) VALUES ('MAIL-DB-04', 'SVC-MAIL', 'db', 'mail-db-04.synthbank.local');
INSERT INTO synth_cmdb_ci (id, service_id, kind, hostname) VALUES ('MAIL-WEB-05', 'SVC-MAIL', 'web', 'mail-web-05.synthbank.local');
INSERT INTO synth_cmdb_ci (id, service_id, kind, hostname) VALUES ('MAIL-WEB-06', 'SVC-MAIL', 'web', 'mail-web-06.synthbank.local');
INSERT INTO synth_cmdb_ci (id, service_id, kind, hostname) VALUES ('MAIL-HOS-07', 'SVC-MAIL', 'host', 'mail-hos-07.synthbank.local');
INSERT INTO synth_cmdb_ci (id, service_id, kind, hostname) VALUES ('MAIL-HOS-08', 'SVC-MAIL', 'host', 'mail-hos-08.synthbank.local');
INSERT INTO synth_cmdb_ci (id, service_id, kind, hostname) VALUES ('MAIL-HOS-09', 'SVC-MAIL', 'host', 'mail-hos-09.synthbank.local');
INSERT INTO synth_cmdb_ci (id, service_id, kind, hostname) VALUES ('MAIL-NET-10', 'SVC-MAIL', 'network', 'mail-net-10.synthbank.local');
INSERT INTO synth_cmdb_ci (id, service_id, kind, hostname) VALUES ('MAIL-NET-11', 'SVC-MAIL', 'network', 'mail-net-11.synthbank.local');
INSERT INTO synth_cmdb_ci (id, service_id, kind, hostname) VALUES ('CRM-APP-01', 'SVC-CRM', 'app', 'crm-app-01.synthbank.local');
INSERT INTO synth_cmdb_ci (id, service_id, kind, hostname) VALUES ('CRM-APP-02', 'SVC-CRM', 'app', 'crm-app-02.synthbank.local');
INSERT INTO synth_cmdb_ci (id, service_id, kind, hostname) VALUES ('CRM-APP-03', 'SVC-CRM', 'app', 'crm-app-03.synthbank.local');
INSERT INTO synth_cmdb_ci (id, service_id, kind, hostname) VALUES ('CRM-DB-04', 'SVC-CRM', 'db', 'crm-db-04.synthbank.local');
INSERT INTO synth_cmdb_ci (id, service_id, kind, hostname) VALUES ('CRM-DB-05', 'SVC-CRM', 'db', 'crm-db-05.synthbank.local');
INSERT INTO synth_cmdb_ci (id, service_id, kind, hostname) VALUES ('CRM-WEB-06', 'SVC-CRM', 'web', 'crm-web-06.synthbank.local');
INSERT INTO synth_cmdb_ci (id, service_id, kind, hostname) VALUES ('CRM-WEB-07', 'SVC-CRM', 'web', 'crm-web-07.synthbank.local');
INSERT INTO synth_cmdb_ci (id, service_id, kind, hostname) VALUES ('CRM-HOS-08', 'SVC-CRM', 'host', 'crm-hos-08.synthbank.local');
INSERT INTO synth_cmdb_ci (id, service_id, kind, hostname) VALUES ('CRM-HOS-09', 'SVC-CRM', 'host', 'crm-hos-09.synthbank.local');
INSERT INTO synth_cmdb_ci (id, service_id, kind, hostname) VALUES ('CRM-NET-10', 'SVC-CRM', 'network', 'crm-net-10.synthbank.local');
INSERT INTO synth_cmdb_ci (id, service_id, kind, hostname) VALUES ('TRE-APP-01', 'SVC-TRE', 'app', 'tre-app-01.synthbank.local');
INSERT INTO synth_cmdb_ci (id, service_id, kind, hostname) VALUES ('TRE-APP-02', 'SVC-TRE', 'app', 'tre-app-02.synthbank.local');
INSERT INTO synth_cmdb_ci (id, service_id, kind, hostname) VALUES ('TRE-APP-03', 'SVC-TRE', 'app', 'tre-app-03.synthbank.local');
INSERT INTO synth_cmdb_ci (id, service_id, kind, hostname) VALUES ('TRE-DB-04', 'SVC-TRE', 'db', 'tre-db-04.synthbank.local');
INSERT INTO synth_cmdb_ci (id, service_id, kind, hostname) VALUES ('TRE-DB-05', 'SVC-TRE', 'db', 'tre-db-05.synthbank.local');
INSERT INTO synth_cmdb_ci (id, service_id, kind, hostname) VALUES ('TRE-WEB-06', 'SVC-TRE', 'web', 'tre-web-06.synthbank.local');
INSERT INTO synth_cmdb_ci (id, service_id, kind, hostname) VALUES ('TRE-HOS-07', 'SVC-TRE', 'host', 'tre-hos-07.synthbank.local');
INSERT INTO synth_cmdb_ci (id, service_id, kind, hostname) VALUES ('TRE-HOS-08', 'SVC-TRE', 'host', 'tre-hos-08.synthbank.local');
INSERT INTO synth_cmdb_ci (id, service_id, kind, hostname) VALUES ('TRE-NET-09', 'SVC-TRE', 'network', 'tre-net-09.synthbank.local');

INSERT INTO synth_ci_metric_sample (ci_id, metric, value) VALUES ('CBS-APP-01', 'cpu_pct', 48.0);
INSERT INTO synth_ci_metric_sample (ci_id, metric, value) VALUES ('CBS-APP-01', 'mem_pct', 40.8);
INSERT INTO synth_ci_metric_sample (ci_id, metric, value) VALUES ('CBS-APP-01', 'disk_pct', 16.4);
INSERT INTO synth_ci_metric_sample (ci_id, metric, value) VALUES ('CBS-APP-01', 'uptime_s', 13354280);
INSERT INTO synth_ci_metric_sample (ci_id, metric, value) VALUES ('CBS-APP-01', 'response_ms', 115.8);
INSERT INTO synth_ci_metric_sample (ci_id, metric, value) VALUES ('CBS-APP-01', 'availability_pct', 99.42);
INSERT INTO synth_ci_metric_sample (ci_id, metric, value) VALUES ('CBS-APP-02', 'cpu_pct', 30.3);
INSERT INTO synth_ci_metric_sample (ci_id, metric, value) VALUES ('CBS-APP-02', 'mem_pct', 21.2);
INSERT INTO synth_ci_metric_sample (ci_id, metric, value) VALUES ('CBS-APP-02', 'disk_pct', 38.5);
INSERT INTO synth_ci_metric_sample (ci_id, metric, value) VALUES ('CBS-APP-02', 'uptime_s', 5487999);
INSERT INTO synth_ci_metric_sample (ci_id, metric, value) VALUES ('CBS-APP-02', 'response_ms', 154.8);
INSERT INTO synth_ci_metric_sample (ci_id, metric, value) VALUES ('CBS-APP-02', 'availability_pct', 99.73);
INSERT INTO synth_ci_metric_sample (ci_id, metric, value) VALUES ('CBS-APP-03', 'cpu_pct', 10.1);
INSERT INTO synth_ci_metric_sample (ci_id, metric, value) VALUES ('CBS-APP-03', 'mem_pct', 26.3);
INSERT INTO synth_ci_metric_sample (ci_id, metric, value) VALUES ('CBS-APP-03', 'disk_pct', 22.1);
INSERT INTO synth_ci_metric_sample (ci_id, metric, value) VALUES ('CBS-APP-03', 'uptime_s', 11563512);
INSERT INTO synth_ci_metric_sample (ci_id, metric, value) VALUES ('CBS-APP-03', 'response_ms', 64.2);
INSERT INTO synth_ci_metric_sample (ci_id, metric, value) VALUES ('CBS-APP-03', 'availability_pct', 99.77);
INSERT INTO synth_ci_metric_sample (ci_id, metric, value) VALUES ('CBS-APP-04', 'cpu_pct', 48.0);
INSERT INTO synth_ci_metric_sample (ci_id, metric, value) VALUES ('CBS-APP-04', 'mem_pct', 48.5);
INSERT INTO synth_ci_metric_sample (ci_id, metric, value) VALUES ('CBS-APP-04', 'disk_pct', 46.5);
INSERT INTO synth_ci_metric_sample (ci_id, metric, value) VALUES ('CBS-APP-04', 'uptime_s', 15210023);
INSERT INTO synth_ci_metric_sample (ci_id, metric, value) VALUES ('CBS-APP-04', 'response_ms', 52.2);
INSERT INTO synth_ci_metric_sample (ci_id, metric, value) VALUES ('CBS-APP-04', 'availability_pct', 99.42);
INSERT INTO synth_ci_metric_sample (ci_id, metric, value) VALUES ('CBS-DB-05', 'cpu_pct', 4.2);
INSERT INTO synth_ci_metric_sample (ci_id, metric, value) VALUES ('CBS-DB-05', 'mem_pct', 64.6);
INSERT INTO synth_ci_metric_sample (ci_id, metric, value) VALUES ('CBS-DB-05', 'disk_pct', 40.8);
INSERT INTO synth_ci_metric_sample (ci_id, metric, value) VALUES ('CBS-DB-05', 'uptime_s', 12189570);
INSERT INTO synth_ci_metric_sample (ci_id, metric, value) VALUES ('CBS-DB-05', 'availability_pct', 99.68);
INSERT INTO synth_ci_metric_sample (ci_id, metric, value) VALUES ('CBS-DB-06', 'cpu_pct', 24.6);
INSERT INTO synth_ci_metric_sample (ci_id, metric, value) VALUES ('CBS-DB-06', 'mem_pct', 56.9);
INSERT INTO synth_ci_metric_sample (ci_id, metric, value) VALUES ('CBS-DB-06', 'disk_pct', 54.3);
INSERT INTO synth_ci_metric_sample (ci_id, metric, value) VALUES ('CBS-DB-06', 'uptime_s', 11814107);
INSERT INTO synth_ci_metric_sample (ci_id, metric, value) VALUES ('CBS-DB-06', 'availability_pct', 99.68);
INSERT INTO synth_ci_metric_sample (ci_id, metric, value) VALUES ('CBS-DB-07', 'cpu_pct', 28.7);
INSERT INTO synth_ci_metric_sample (ci_id, metric, value) VALUES ('CBS-DB-07', 'mem_pct', 42.0);
INSERT INTO synth_ci_metric_sample (ci_id, metric, value) VALUES ('CBS-DB-07', 'disk_pct', 55.5);
INSERT INTO synth_ci_metric_sample (ci_id, metric, value) VALUES ('CBS-DB-07', 'uptime_s', 16306047);
INSERT INTO synth_ci_metric_sample (ci_id, metric, value) VALUES ('CBS-DB-07', 'availability_pct', 99.4);
INSERT INTO synth_ci_metric_sample (ci_id, metric, value) VALUES ('CBS-WEB-08', 'cpu_pct', 53.8);
INSERT INTO synth_ci_metric_sample (ci_id, metric, value) VALUES ('CBS-WEB-08', 'mem_pct', 28.3);
INSERT INTO synth_ci_metric_sample (ci_id, metric, value) VALUES ('CBS-WEB-08', 'disk_pct', 29.1);
INSERT INTO synth_ci_metric_sample (ci_id, metric, value) VALUES ('CBS-WEB-08', 'uptime_s', 9578321);
INSERT INTO synth_ci_metric_sample (ci_id, metric, value) VALUES ('CBS-WEB-08', 'response_ms', 223.9);
INSERT INTO synth_ci_metric_sample (ci_id, metric, value) VALUES ('CBS-WEB-08', 'availability_pct', 99.9);
INSERT INTO synth_ci_metric_sample (ci_id, metric, value) VALUES ('CBS-WEB-09', 'cpu_pct', 41.1);
INSERT INTO synth_ci_metric_sample (ci_id, metric, value) VALUES ('CBS-WEB-09', 'mem_pct', 61.3);
INSERT INTO synth_ci_metric_sample (ci_id, metric, value) VALUES ('CBS-WEB-09', 'disk_pct', 48.3);
INSERT INTO synth_ci_metric_sample (ci_id, metric, value) VALUES ('CBS-WEB-09', 'uptime_s', 15909797);
INSERT INTO synth_ci_metric_sample (ci_id, metric, value) VALUES ('CBS-WEB-09', 'response_ms', 134.4);
INSERT INTO synth_ci_metric_sample (ci_id, metric, value) VALUES ('CBS-WEB-09', 'availability_pct', 99.59);
INSERT INTO synth_ci_metric_sample (ci_id, metric, value) VALUES ('CBS-HOS-10', 'cpu_pct', 9.3);
INSERT INTO synth_ci_metric_sample (ci_id, metric, value) VALUES ('CBS-HOS-10', 'mem_pct', 42.3);
INSERT INTO synth_ci_metric_sample (ci_id, metric, value) VALUES ('CBS-HOS-10', 'disk_pct', 42.2);
INSERT INTO synth_ci_metric_sample (ci_id, metric, value) VALUES ('CBS-HOS-10', 'uptime_s', 14392025);
INSERT INTO synth_ci_metric_sample (ci_id, metric, value) VALUES ('CBS-HOS-11', 'cpu_pct', 15.3);
INSERT INTO synth_ci_metric_sample (ci_id, metric, value) VALUES ('CBS-HOS-11', 'mem_pct', 32.4);
INSERT INTO synth_ci_metric_sample (ci_id, metric, value) VALUES ('CBS-HOS-11', 'disk_pct', 50.7);
INSERT INTO synth_ci_metric_sample (ci_id, metric, value) VALUES ('CBS-HOS-11', 'uptime_s', 18000733);
INSERT INTO synth_ci_metric_sample (ci_id, metric, value) VALUES ('CBS-HOS-12', 'cpu_pct', 23.5);
INSERT INTO synth_ci_metric_sample (ci_id, metric, value) VALUES ('CBS-HOS-12', 'mem_pct', 65.5);
INSERT INTO synth_ci_metric_sample (ci_id, metric, value) VALUES ('CBS-HOS-12', 'disk_pct', 59.6);
INSERT INTO synth_ci_metric_sample (ci_id, metric, value) VALUES ('CBS-HOS-12', 'uptime_s', 2287663);
INSERT INTO synth_ci_metric_sample (ci_id, metric, value) VALUES ('CBS-HOS-13', 'cpu_pct', 31.3);
INSERT INTO synth_ci_metric_sample (ci_id, metric, value) VALUES ('CBS-HOS-13', 'mem_pct', 25.1);
INSERT INTO synth_ci_metric_sample (ci_id, metric, value) VALUES ('CBS-HOS-13', 'disk_pct', 15.4);
INSERT INTO synth_ci_metric_sample (ci_id, metric, value) VALUES ('CBS-HOS-13', 'uptime_s', 1046934);
INSERT INTO synth_ci_metric_sample (ci_id, metric, value) VALUES ('CBS-NET-14', 'cpu_pct', 41.6);
INSERT INTO synth_ci_metric_sample (ci_id, metric, value) VALUES ('CBS-NET-14', 'mem_pct', 41.5);
INSERT INTO synth_ci_metric_sample (ci_id, metric, value) VALUES ('CBS-NET-14', 'uptime_s', 7137629);
INSERT INTO synth_ci_metric_sample (ci_id, metric, value) VALUES ('CBS-NET-14', 'if_in_bps', 853750323);
INSERT INTO synth_ci_metric_sample (ci_id, metric, value) VALUES ('CBS-NET-14', 'if_out_bps', 273109912);
INSERT INTO synth_ci_metric_sample (ci_id, metric, value) VALUES ('CBS-NET-15', 'cpu_pct', 39.8);
INSERT INTO synth_ci_metric_sample (ci_id, metric, value) VALUES ('CBS-NET-15', 'mem_pct', 41.4);
INSERT INTO synth_ci_metric_sample (ci_id, metric, value) VALUES ('CBS-NET-15', 'uptime_s', 7548520);
INSERT INTO synth_ci_metric_sample (ci_id, metric, value) VALUES ('CBS-NET-15', 'if_in_bps', 455891265);
INSERT INTO synth_ci_metric_sample (ci_id, metric, value) VALUES ('CBS-NET-15', 'if_out_bps', 379871210);
INSERT INTO synth_ci_metric_sample (ci_id, metric, value) VALUES ('CBS-NET-16', 'cpu_pct', 16.5);
INSERT INTO synth_ci_metric_sample (ci_id, metric, value) VALUES ('CBS-NET-16', 'mem_pct', 60.1);
INSERT INTO synth_ci_metric_sample (ci_id, metric, value) VALUES ('CBS-NET-16', 'uptime_s', 14429847);
INSERT INTO synth_ci_metric_sample (ci_id, metric, value) VALUES ('CBS-NET-16', 'if_in_bps', 864141942);
INSERT INTO synth_ci_metric_sample (ci_id, metric, value) VALUES ('CBS-NET-16', 'if_out_bps', 539573794);
INSERT INTO synth_ci_metric_sample (ci_id, metric, value) VALUES ('IB-APP-01', 'cpu_pct', 94.0);
INSERT INTO synth_ci_metric_sample (ci_id, metric, value) VALUES ('IB-APP-01', 'mem_pct', 45.2);
INSERT INTO synth_ci_metric_sample (ci_id, metric, value) VALUES ('IB-APP-01', 'disk_pct', 33.9);
INSERT INTO synth_ci_metric_sample (ci_id, metric, value) VALUES ('IB-APP-01', 'uptime_s', 3996233);
INSERT INTO synth_ci_metric_sample (ci_id, metric, value) VALUES ('IB-APP-01', 'response_ms', 1850.0);
INSERT INTO synth_ci_metric_sample (ci_id, metric, value) VALUES ('IB-APP-01', 'availability_pct', 99.83);
INSERT INTO synth_ci_metric_sample (ci_id, metric, value) VALUES ('IB-APP-02', 'cpu_pct', 35.2);
INSERT INTO synth_ci_metric_sample (ci_id, metric, value) VALUES ('IB-APP-02', 'mem_pct', 43.3);
INSERT INTO synth_ci_metric_sample (ci_id, metric, value) VALUES ('IB-APP-02', 'disk_pct', 47.9);
INSERT INTO synth_ci_metric_sample (ci_id, metric, value) VALUES ('IB-APP-02', 'uptime_s', 3945750);
INSERT INTO synth_ci_metric_sample (ci_id, metric, value) VALUES ('IB-APP-02', 'response_ms', 146.4);
INSERT INTO synth_ci_metric_sample (ci_id, metric, value) VALUES ('IB-APP-02', 'availability_pct', 99.75);
INSERT INTO synth_ci_metric_sample (ci_id, metric, value) VALUES ('IB-APP-03', 'cpu_pct', 48.0);
INSERT INTO synth_ci_metric_sample (ci_id, metric, value) VALUES ('IB-APP-03', 'mem_pct', 21.3);
INSERT INTO synth_ci_metric_sample (ci_id, metric, value) VALUES ('IB-APP-03', 'disk_pct', 60.5);
INSERT INTO synth_ci_metric_sample (ci_id, metric, value) VALUES ('IB-APP-03', 'uptime_s', 6374662);
INSERT INTO synth_ci_metric_sample (ci_id, metric, value) VALUES ('IB-APP-03', 'response_ms', 49.9);
INSERT INTO synth_ci_metric_sample (ci_id, metric, value) VALUES ('IB-APP-03', 'availability_pct', 99.57);
INSERT INTO synth_ci_metric_sample (ci_id, metric, value) VALUES ('IB-APP-04', 'cpu_pct', 14.6);
INSERT INTO synth_ci_metric_sample (ci_id, metric, value) VALUES ('IB-APP-04', 'mem_pct', 36.1);
INSERT INTO synth_ci_metric_sample (ci_id, metric, value) VALUES ('IB-APP-04', 'disk_pct', 55.4);
INSERT INTO synth_ci_metric_sample (ci_id, metric, value) VALUES ('IB-APP-04', 'uptime_s', 10813995);
INSERT INTO synth_ci_metric_sample (ci_id, metric, value) VALUES ('IB-APP-04', 'response_ms', 60.4);
INSERT INTO synth_ci_metric_sample (ci_id, metric, value) VALUES ('IB-APP-04', 'availability_pct', 99.56);
INSERT INTO synth_ci_metric_sample (ci_id, metric, value) VALUES ('IB-DB-05', 'cpu_pct', 54.6);
INSERT INTO synth_ci_metric_sample (ci_id, metric, value) VALUES ('IB-DB-05', 'mem_pct', 66.2);
INSERT INTO synth_ci_metric_sample (ci_id, metric, value) VALUES ('IB-DB-05', 'disk_pct', 15.8);
INSERT INTO synth_ci_metric_sample (ci_id, metric, value) VALUES ('IB-DB-05', 'uptime_s', 9888344);
INSERT INTO synth_ci_metric_sample (ci_id, metric, value) VALUES ('IB-DB-05', 'availability_pct', 99.98);
INSERT INTO synth_ci_metric_sample (ci_id, metric, value) VALUES ('IB-DB-06', 'cpu_pct', 16.6);
INSERT INTO synth_ci_metric_sample (ci_id, metric, value) VALUES ('IB-DB-06', 'mem_pct', 68.4);
INSERT INTO synth_ci_metric_sample (ci_id, metric, value) VALUES ('IB-DB-06', 'disk_pct', 19.8);
INSERT INTO synth_ci_metric_sample (ci_id, metric, value) VALUES ('IB-DB-06', 'uptime_s', 6502286);
INSERT INTO synth_ci_metric_sample (ci_id, metric, value) VALUES ('IB-DB-06', 'availability_pct', 99.73);
INSERT INTO synth_ci_metric_sample (ci_id, metric, value) VALUES ('IB-WEB-07', 'cpu_pct', 33.5);
INSERT INTO synth_ci_metric_sample (ci_id, metric, value) VALUES ('IB-WEB-07', 'mem_pct', 26.9);
INSERT INTO synth_ci_metric_sample (ci_id, metric, value) VALUES ('IB-WEB-07', 'disk_pct', 18.6);
INSERT INTO synth_ci_metric_sample (ci_id, metric, value) VALUES ('IB-WEB-07', 'uptime_s', 2824312);
INSERT INTO synth_ci_metric_sample (ci_id, metric, value) VALUES ('IB-WEB-07', 'response_ms', 154.7);
INSERT INTO synth_ci_metric_sample (ci_id, metric, value) VALUES ('IB-WEB-07', 'availability_pct', 99.85);
INSERT INTO synth_ci_metric_sample (ci_id, metric, value) VALUES ('IB-WEB-08', 'cpu_pct', 5.3);
INSERT INTO synth_ci_metric_sample (ci_id, metric, value) VALUES ('IB-WEB-08', 'mem_pct', 41.9);
INSERT INTO synth_ci_metric_sample (ci_id, metric, value) VALUES ('IB-WEB-08', 'disk_pct', 24.3);
INSERT INTO synth_ci_metric_sample (ci_id, metric, value) VALUES ('IB-WEB-08', 'uptime_s', 13960235);
INSERT INTO synth_ci_metric_sample (ci_id, metric, value) VALUES ('IB-WEB-08', 'response_ms', 80.0);
INSERT INTO synth_ci_metric_sample (ci_id, metric, value) VALUES ('IB-WEB-08', 'availability_pct', 99.64);
INSERT INTO synth_ci_metric_sample (ci_id, metric, value) VALUES ('IB-WEB-09', 'cpu_pct', 12.7);
INSERT INTO synth_ci_metric_sample (ci_id, metric, value) VALUES ('IB-WEB-09', 'mem_pct', 61.7);
INSERT INTO synth_ci_metric_sample (ci_id, metric, value) VALUES ('IB-WEB-09', 'disk_pct', 41.9);
INSERT INTO synth_ci_metric_sample (ci_id, metric, value) VALUES ('IB-WEB-09', 'uptime_s', 15110550);
INSERT INTO synth_ci_metric_sample (ci_id, metric, value) VALUES ('IB-WEB-09', 'response_ms', 120.6);
INSERT INTO synth_ci_metric_sample (ci_id, metric, value) VALUES ('IB-WEB-09', 'availability_pct', 99.88);
INSERT INTO synth_ci_metric_sample (ci_id, metric, value) VALUES ('IB-HOS-10', 'cpu_pct', 9.1);
INSERT INTO synth_ci_metric_sample (ci_id, metric, value) VALUES ('IB-HOS-10', 'mem_pct', 25.6);
INSERT INTO synth_ci_metric_sample (ci_id, metric, value) VALUES ('IB-HOS-10', 'disk_pct', 27.0);
INSERT INTO synth_ci_metric_sample (ci_id, metric, value) VALUES ('IB-HOS-10', 'uptime_s', 9096983);
INSERT INTO synth_ci_metric_sample (ci_id, metric, value) VALUES ('IB-HOS-11', 'cpu_pct', 29.5);
INSERT INTO synth_ci_metric_sample (ci_id, metric, value) VALUES ('IB-HOS-11', 'mem_pct', 55.2);
INSERT INTO synth_ci_metric_sample (ci_id, metric, value) VALUES ('IB-HOS-11', 'disk_pct', 18.0);
INSERT INTO synth_ci_metric_sample (ci_id, metric, value) VALUES ('IB-HOS-11', 'uptime_s', 10560412);
INSERT INTO synth_ci_metric_sample (ci_id, metric, value) VALUES ('IB-HOS-12', 'cpu_pct', 49.8);
INSERT INTO synth_ci_metric_sample (ci_id, metric, value) VALUES ('IB-HOS-12', 'mem_pct', 50.5);
INSERT INTO synth_ci_metric_sample (ci_id, metric, value) VALUES ('IB-HOS-12', 'disk_pct', 59.1);
INSERT INTO synth_ci_metric_sample (ci_id, metric, value) VALUES ('IB-HOS-12', 'uptime_s', 6435791);
INSERT INTO synth_ci_metric_sample (ci_id, metric, value) VALUES ('IB-NET-13', 'cpu_pct', 48.1);
INSERT INTO synth_ci_metric_sample (ci_id, metric, value) VALUES ('IB-NET-13', 'mem_pct', 58.0);
INSERT INTO synth_ci_metric_sample (ci_id, metric, value) VALUES ('IB-NET-13', 'uptime_s', 8737315);
INSERT INTO synth_ci_metric_sample (ci_id, metric, value) VALUES ('IB-NET-13', 'if_in_bps', 818647142);
INSERT INTO synth_ci_metric_sample (ci_id, metric, value) VALUES ('IB-NET-13', 'if_out_bps', 141369357);
INSERT INTO synth_ci_metric_sample (ci_id, metric, value) VALUES ('IB-NET-14', 'cpu_pct', 4.9);
INSERT INTO synth_ci_metric_sample (ci_id, metric, value) VALUES ('IB-NET-14', 'mem_pct', 65.6);
INSERT INTO synth_ci_metric_sample (ci_id, metric, value) VALUES ('IB-NET-14', 'uptime_s', 16965015);
INSERT INTO synth_ci_metric_sample (ci_id, metric, value) VALUES ('IB-NET-14', 'if_in_bps', 46428902);
INSERT INTO synth_ci_metric_sample (ci_id, metric, value) VALUES ('IB-NET-14', 'if_out_bps', 358505958);
INSERT INTO synth_ci_metric_sample (ci_id, metric, value) VALUES ('MOB-APP-01', 'cpu_pct', 51.6);
INSERT INTO synth_ci_metric_sample (ci_id, metric, value) VALUES ('MOB-APP-01', 'mem_pct', 47.9);
INSERT INTO synth_ci_metric_sample (ci_id, metric, value) VALUES ('MOB-APP-01', 'disk_pct', 23.2);
INSERT INTO synth_ci_metric_sample (ci_id, metric, value) VALUES ('MOB-APP-01', 'uptime_s', 4679460);
INSERT INTO synth_ci_metric_sample (ci_id, metric, value) VALUES ('MOB-APP-01', 'response_ms', 229.7);
INSERT INTO synth_ci_metric_sample (ci_id, metric, value) VALUES ('MOB-APP-01', 'availability_pct', 99.46);
INSERT INTO synth_ci_metric_sample (ci_id, metric, value) VALUES ('MOB-APP-02', 'cpu_pct', 25.9);
INSERT INTO synth_ci_metric_sample (ci_id, metric, value) VALUES ('MOB-APP-02', 'mem_pct', 54.1);
INSERT INTO synth_ci_metric_sample (ci_id, metric, value) VALUES ('MOB-APP-02', 'disk_pct', 48.0);
INSERT INTO synth_ci_metric_sample (ci_id, metric, value) VALUES ('MOB-APP-02', 'uptime_s', 12195997);
INSERT INTO synth_ci_metric_sample (ci_id, metric, value) VALUES ('MOB-APP-02', 'response_ms', 138.7);
INSERT INTO synth_ci_metric_sample (ci_id, metric, value) VALUES ('MOB-APP-02', 'availability_pct', 99.43);
INSERT INTO synth_ci_metric_sample (ci_id, metric, value) VALUES ('MOB-APP-03', 'cpu_pct', 53.9);
INSERT INTO synth_ci_metric_sample (ci_id, metric, value) VALUES ('MOB-APP-03', 'mem_pct', 53.8);
INSERT INTO synth_ci_metric_sample (ci_id, metric, value) VALUES ('MOB-APP-03', 'disk_pct', 56.8);
INSERT INTO synth_ci_metric_sample (ci_id, metric, value) VALUES ('MOB-APP-03', 'uptime_s', 8255200);
INSERT INTO synth_ci_metric_sample (ci_id, metric, value) VALUES ('MOB-APP-03', 'response_ms', 194.3);
INSERT INTO synth_ci_metric_sample (ci_id, metric, value) VALUES ('MOB-APP-03', 'availability_pct', 99.37);
INSERT INTO synth_ci_metric_sample (ci_id, metric, value) VALUES ('MOB-APP-04', 'cpu_pct', 18.1);
INSERT INTO synth_ci_metric_sample (ci_id, metric, value) VALUES ('MOB-APP-04', 'mem_pct', 35.0);
INSERT INTO synth_ci_metric_sample (ci_id, metric, value) VALUES ('MOB-APP-04', 'disk_pct', 51.8);
INSERT INTO synth_ci_metric_sample (ci_id, metric, value) VALUES ('MOB-APP-04', 'uptime_s', 15205347);
INSERT INTO synth_ci_metric_sample (ci_id, metric, value) VALUES ('MOB-APP-04', 'response_ms', 206.3);
INSERT INTO synth_ci_metric_sample (ci_id, metric, value) VALUES ('MOB-APP-04', 'availability_pct', 99.56);
INSERT INTO synth_ci_metric_sample (ci_id, metric, value) VALUES ('MOB-DB-05', 'cpu_pct', 40.7);
INSERT INTO synth_ci_metric_sample (ci_id, metric, value) VALUES ('MOB-DB-05', 'mem_pct', 55.8);
INSERT INTO synth_ci_metric_sample (ci_id, metric, value) VALUES ('MOB-DB-05', 'disk_pct', 18.7);
INSERT INTO synth_ci_metric_sample (ci_id, metric, value) VALUES ('MOB-DB-05', 'uptime_s', 3343828);
INSERT INTO synth_ci_metric_sample (ci_id, metric, value) VALUES ('MOB-DB-05', 'availability_pct', 99.98);
INSERT INTO synth_ci_metric_sample (ci_id, metric, value) VALUES ('MOB-DB-06', 'cpu_pct', 37.3);
INSERT INTO synth_ci_metric_sample (ci_id, metric, value) VALUES ('MOB-DB-06', 'mem_pct', 32.3);
INSERT INTO synth_ci_metric_sample (ci_id, metric, value) VALUES ('MOB-DB-06', 'disk_pct', 22.0);
INSERT INTO synth_ci_metric_sample (ci_id, metric, value) VALUES ('MOB-DB-06', 'uptime_s', 441349);
INSERT INTO synth_ci_metric_sample (ci_id, metric, value) VALUES ('MOB-DB-06', 'availability_pct', 99.46);
INSERT INTO synth_ci_metric_sample (ci_id, metric, value) VALUES ('MOB-WEB-07', 'cpu_pct', 32.7);
INSERT INTO synth_ci_metric_sample (ci_id, metric, value) VALUES ('MOB-WEB-07', 'mem_pct', 48.9);
INSERT INTO synth_ci_metric_sample (ci_id, metric, value) VALUES ('MOB-WEB-07', 'disk_pct', 16.1);
INSERT INTO synth_ci_metric_sample (ci_id, metric, value) VALUES ('MOB-WEB-07', 'uptime_s', 13612338);
INSERT INTO synth_ci_metric_sample (ci_id, metric, value) VALUES ('MOB-WEB-07', 'response_ms', 69.0);
INSERT INTO synth_ci_metric_sample (ci_id, metric, value) VALUES ('MOB-WEB-07', 'availability_pct', 99.85);
INSERT INTO synth_ci_metric_sample (ci_id, metric, value) VALUES ('MOB-WEB-08', 'cpu_pct', 36.6);
INSERT INTO synth_ci_metric_sample (ci_id, metric, value) VALUES ('MOB-WEB-08', 'mem_pct', 64.5);
INSERT INTO synth_ci_metric_sample (ci_id, metric, value) VALUES ('MOB-WEB-08', 'disk_pct', 28.2);
INSERT INTO synth_ci_metric_sample (ci_id, metric, value) VALUES ('MOB-WEB-08', 'uptime_s', 2185999);
INSERT INTO synth_ci_metric_sample (ci_id, metric, value) VALUES ('MOB-WEB-08', 'response_ms', 155.4);
INSERT INTO synth_ci_metric_sample (ci_id, metric, value) VALUES ('MOB-WEB-08', 'availability_pct', 99.73);
INSERT INTO synth_ci_metric_sample (ci_id, metric, value) VALUES ('MOB-HOS-09', 'cpu_pct', 27.6);
INSERT INTO synth_ci_metric_sample (ci_id, metric, value) VALUES ('MOB-HOS-09', 'mem_pct', 24.4);
INSERT INTO synth_ci_metric_sample (ci_id, metric, value) VALUES ('MOB-HOS-09', 'disk_pct', 57.5);
INSERT INTO synth_ci_metric_sample (ci_id, metric, value) VALUES ('MOB-HOS-09', 'uptime_s', 15679111);
INSERT INTO synth_ci_metric_sample (ci_id, metric, value) VALUES ('MOB-HOS-10', 'cpu_pct', 14.2);
INSERT INTO synth_ci_metric_sample (ci_id, metric, value) VALUES ('MOB-HOS-10', 'mem_pct', 67.9);
INSERT INTO synth_ci_metric_sample (ci_id, metric, value) VALUES ('MOB-HOS-10', 'disk_pct', 28.4);
INSERT INTO synth_ci_metric_sample (ci_id, metric, value) VALUES ('MOB-HOS-10', 'uptime_s', 14916729);
INSERT INTO synth_ci_metric_sample (ci_id, metric, value) VALUES ('MOB-HOS-11', 'cpu_pct', 26.1);
INSERT INTO synth_ci_metric_sample (ci_id, metric, value) VALUES ('MOB-HOS-11', 'mem_pct', 45.1);
INSERT INTO synth_ci_metric_sample (ci_id, metric, value) VALUES ('MOB-HOS-11', 'disk_pct', 26.9);
INSERT INTO synth_ci_metric_sample (ci_id, metric, value) VALUES ('MOB-HOS-11', 'uptime_s', 14877619);
INSERT INTO synth_ci_metric_sample (ci_id, metric, value) VALUES ('MOB-NET-12', 'cpu_pct', 37.3);
INSERT INTO synth_ci_metric_sample (ci_id, metric, value) VALUES ('MOB-NET-12', 'mem_pct', 49.0);
INSERT INTO synth_ci_metric_sample (ci_id, metric, value) VALUES ('MOB-NET-12', 'uptime_s', 15250271);
INSERT INTO synth_ci_metric_sample (ci_id, metric, value) VALUES ('MOB-NET-12', 'if_in_bps', 26430361);
INSERT INTO synth_ci_metric_sample (ci_id, metric, value) VALUES ('MOB-NET-12', 'if_out_bps', 366762571);
INSERT INTO synth_ci_metric_sample (ci_id, metric, value) VALUES ('MOB-NET-13', 'cpu_pct', 4.7);
INSERT INTO synth_ci_metric_sample (ci_id, metric, value) VALUES ('MOB-NET-13', 'mem_pct', 32.5);
INSERT INTO synth_ci_metric_sample (ci_id, metric, value) VALUES ('MOB-NET-13', 'uptime_s', 8244782);
INSERT INTO synth_ci_metric_sample (ci_id, metric, value) VALUES ('MOB-NET-13', 'if_in_bps', 398206820);
INSERT INTO synth_ci_metric_sample (ci_id, metric, value) VALUES ('MOB-NET-13', 'if_out_bps', 472992541);
INSERT INTO synth_ci_metric_sample (ci_id, metric, value) VALUES ('ATM-APP-01', 'cpu_pct', 26.8);
INSERT INTO synth_ci_metric_sample (ci_id, metric, value) VALUES ('ATM-APP-01', 'mem_pct', 35.8);
INSERT INTO synth_ci_metric_sample (ci_id, metric, value) VALUES ('ATM-APP-01', 'disk_pct', 33.6);
INSERT INTO synth_ci_metric_sample (ci_id, metric, value) VALUES ('ATM-APP-01', 'uptime_s', 11706960);
INSERT INTO synth_ci_metric_sample (ci_id, metric, value) VALUES ('ATM-APP-01', 'response_ms', 212.5);
INSERT INTO synth_ci_metric_sample (ci_id, metric, value) VALUES ('ATM-APP-01', 'availability_pct', 99.34);
INSERT INTO synth_ci_metric_sample (ci_id, metric, value) VALUES ('ATM-APP-02', 'cpu_pct', 38.1);
INSERT INTO synth_ci_metric_sample (ci_id, metric, value) VALUES ('ATM-APP-02', 'mem_pct', 65.0);
INSERT INTO synth_ci_metric_sample (ci_id, metric, value) VALUES ('ATM-APP-02', 'disk_pct', 48.7);
INSERT INTO synth_ci_metric_sample (ci_id, metric, value) VALUES ('ATM-APP-02', 'uptime_s', 10413490);
INSERT INTO synth_ci_metric_sample (ci_id, metric, value) VALUES ('ATM-APP-02', 'response_ms', 129.9);
INSERT INTO synth_ci_metric_sample (ci_id, metric, value) VALUES ('ATM-APP-02', 'availability_pct', 99.87);
INSERT INTO synth_ci_metric_sample (ci_id, metric, value) VALUES ('ATM-APP-03', 'cpu_pct', 5.2);
INSERT INTO synth_ci_metric_sample (ci_id, metric, value) VALUES ('ATM-APP-03', 'mem_pct', 49.5);
INSERT INTO synth_ci_metric_sample (ci_id, metric, value) VALUES ('ATM-APP-03', 'disk_pct', 55.7);
INSERT INTO synth_ci_metric_sample (ci_id, metric, value) VALUES ('ATM-APP-03', 'uptime_s', 12930298);
INSERT INTO synth_ci_metric_sample (ci_id, metric, value) VALUES ('ATM-APP-03', 'response_ms', 63.7);
INSERT INTO synth_ci_metric_sample (ci_id, metric, value) VALUES ('ATM-APP-03', 'availability_pct', 99.41);
INSERT INTO synth_ci_metric_sample (ci_id, metric, value) VALUES ('ATM-DB-04', 'cpu_pct', 30.7);
INSERT INTO synth_ci_metric_sample (ci_id, metric, value) VALUES ('ATM-DB-04', 'mem_pct', 48.5);
INSERT INTO synth_ci_metric_sample (ci_id, metric, value) VALUES ('ATM-DB-04', 'disk_pct', 23.0);
INSERT INTO synth_ci_metric_sample (ci_id, metric, value) VALUES ('ATM-DB-04', 'uptime_s', 4378236);
INSERT INTO synth_ci_metric_sample (ci_id, metric, value) VALUES ('ATM-DB-04', 'availability_pct', 99.34);
INSERT INTO synth_ci_metric_sample (ci_id, metric, value) VALUES ('ATM-DB-05', 'cpu_pct', 31.0);
INSERT INTO synth_ci_metric_sample (ci_id, metric, value) VALUES ('ATM-DB-05', 'mem_pct', 52.0);
INSERT INTO synth_ci_metric_sample (ci_id, metric, value) VALUES ('ATM-DB-05', 'disk_pct', 49.6);
INSERT INTO synth_ci_metric_sample (ci_id, metric, value) VALUES ('ATM-DB-05', 'uptime_s', 3029200);
INSERT INTO synth_ci_metric_sample (ci_id, metric, value) VALUES ('ATM-DB-05', 'availability_pct', 99.62);
INSERT INTO synth_ci_metric_sample (ci_id, metric, value) VALUES ('ATM-HOS-06', 'cpu_pct', 28.7);
INSERT INTO synth_ci_metric_sample (ci_id, metric, value) VALUES ('ATM-HOS-06', 'mem_pct', 44.0);
INSERT INTO synth_ci_metric_sample (ci_id, metric, value) VALUES ('ATM-HOS-06', 'disk_pct', 56.5);
INSERT INTO synth_ci_metric_sample (ci_id, metric, value) VALUES ('ATM-HOS-06', 'uptime_s', 18266790);
INSERT INTO synth_ci_metric_sample (ci_id, metric, value) VALUES ('ATM-HOS-07', 'cpu_pct', 5.9);
INSERT INTO synth_ci_metric_sample (ci_id, metric, value) VALUES ('ATM-HOS-07', 'mem_pct', 31.0);
INSERT INTO synth_ci_metric_sample (ci_id, metric, value) VALUES ('ATM-HOS-07', 'disk_pct', 26.2);
INSERT INTO synth_ci_metric_sample (ci_id, metric, value) VALUES ('ATM-HOS-07', 'uptime_s', 15569519);
INSERT INTO synth_ci_metric_sample (ci_id, metric, value) VALUES ('ATM-HOS-08', 'cpu_pct', 50.5);
INSERT INTO synth_ci_metric_sample (ci_id, metric, value) VALUES ('ATM-HOS-08', 'mem_pct', 34.0);
INSERT INTO synth_ci_metric_sample (ci_id, metric, value) VALUES ('ATM-HOS-08', 'disk_pct', 30.0);
INSERT INTO synth_ci_metric_sample (ci_id, metric, value) VALUES ('ATM-HOS-08', 'uptime_s', 2391049);
INSERT INTO synth_ci_metric_sample (ci_id, metric, value) VALUES ('ATM-NET-09', 'cpu_pct', 30.8);
INSERT INTO synth_ci_metric_sample (ci_id, metric, value) VALUES ('ATM-NET-09', 'mem_pct', 47.1);
INSERT INTO synth_ci_metric_sample (ci_id, metric, value) VALUES ('ATM-NET-09', 'uptime_s', 3751699);
INSERT INTO synth_ci_metric_sample (ci_id, metric, value) VALUES ('ATM-NET-09', 'if_in_bps', 265889231);
INSERT INTO synth_ci_metric_sample (ci_id, metric, value) VALUES ('ATM-NET-09', 'if_out_bps', 494366636);
INSERT INTO synth_ci_metric_sample (ci_id, metric, value) VALUES ('ATM-NET-10', 'cpu_pct', 52.7);
INSERT INTO synth_ci_metric_sample (ci_id, metric, value) VALUES ('ATM-NET-10', 'mem_pct', 29.6);
INSERT INTO synth_ci_metric_sample (ci_id, metric, value) VALUES ('ATM-NET-10', 'uptime_s', 12276112);
INSERT INTO synth_ci_metric_sample (ci_id, metric, value) VALUES ('ATM-NET-10', 'if_in_bps', 232829020);
INSERT INTO synth_ci_metric_sample (ci_id, metric, value) VALUES ('ATM-NET-10', 'if_out_bps', 394225064);
INSERT INTO synth_ci_metric_sample (ci_id, metric, value) VALUES ('ATM-NET-11', 'cpu_pct', 21.3);
INSERT INTO synth_ci_metric_sample (ci_id, metric, value) VALUES ('ATM-NET-11', 'mem_pct', 20.2);
INSERT INTO synth_ci_metric_sample (ci_id, metric, value) VALUES ('ATM-NET-11', 'uptime_s', 9037848);
INSERT INTO synth_ci_metric_sample (ci_id, metric, value) VALUES ('ATM-NET-11', 'if_in_bps', 203716794);
INSERT INTO synth_ci_metric_sample (ci_id, metric, value) VALUES ('ATM-NET-11', 'if_out_bps', 199275488);
INSERT INTO synth_ci_metric_sample (ci_id, metric, value) VALUES ('PAY-APP-01', 'cpu_pct', 8.9);
INSERT INTO synth_ci_metric_sample (ci_id, metric, value) VALUES ('PAY-APP-01', 'mem_pct', 31.3);
INSERT INTO synth_ci_metric_sample (ci_id, metric, value) VALUES ('PAY-APP-01', 'disk_pct', 15.7);
INSERT INTO synth_ci_metric_sample (ci_id, metric, value) VALUES ('PAY-APP-01', 'uptime_s', 3137492);
INSERT INTO synth_ci_metric_sample (ci_id, metric, value) VALUES ('PAY-APP-01', 'response_ms', 130.2);
INSERT INTO synth_ci_metric_sample (ci_id, metric, value) VALUES ('PAY-APP-01', 'availability_pct', 99.96);
INSERT INTO synth_ci_metric_sample (ci_id, metric, value) VALUES ('PAY-APP-02', 'cpu_pct', 4.5);
INSERT INTO synth_ci_metric_sample (ci_id, metric, value) VALUES ('PAY-APP-02', 'mem_pct', 37.3);
INSERT INTO synth_ci_metric_sample (ci_id, metric, value) VALUES ('PAY-APP-02', 'disk_pct', 32.5);
INSERT INTO synth_ci_metric_sample (ci_id, metric, value) VALUES ('PAY-APP-02', 'uptime_s', 1227634);
INSERT INTO synth_ci_metric_sample (ci_id, metric, value) VALUES ('PAY-APP-02', 'response_ms', 132.1);
INSERT INTO synth_ci_metric_sample (ci_id, metric, value) VALUES ('PAY-APP-02', 'availability_pct', 99.47);
INSERT INTO synth_ci_metric_sample (ci_id, metric, value) VALUES ('PAY-APP-03', 'cpu_pct', 21.8);
INSERT INTO synth_ci_metric_sample (ci_id, metric, value) VALUES ('PAY-APP-03', 'mem_pct', 63.5);
INSERT INTO synth_ci_metric_sample (ci_id, metric, value) VALUES ('PAY-APP-03', 'disk_pct', 28.0);
INSERT INTO synth_ci_metric_sample (ci_id, metric, value) VALUES ('PAY-APP-03', 'uptime_s', 14488803);
INSERT INTO synth_ci_metric_sample (ci_id, metric, value) VALUES ('PAY-APP-03', 'response_ms', 197.8);
INSERT INTO synth_ci_metric_sample (ci_id, metric, value) VALUES ('PAY-APP-03', 'availability_pct', 99.56);
INSERT INTO synth_ci_metric_sample (ci_id, metric, value) VALUES ('PAY-APP-04', 'cpu_pct', 53.9);
INSERT INTO synth_ci_metric_sample (ci_id, metric, value) VALUES ('PAY-APP-04', 'mem_pct', 50.8);
INSERT INTO synth_ci_metric_sample (ci_id, metric, value) VALUES ('PAY-APP-04', 'disk_pct', 59.8);
INSERT INTO synth_ci_metric_sample (ci_id, metric, value) VALUES ('PAY-APP-04', 'uptime_s', 4579813);
INSERT INTO synth_ci_metric_sample (ci_id, metric, value) VALUES ('PAY-APP-04', 'response_ms', 100.2);
INSERT INTO synth_ci_metric_sample (ci_id, metric, value) VALUES ('PAY-APP-04', 'availability_pct', 99.58);
INSERT INTO synth_ci_metric_sample (ci_id, metric, value) VALUES ('PAY-DB-05', 'cpu_pct', 48.1);
INSERT INTO synth_ci_metric_sample (ci_id, metric, value) VALUES ('PAY-DB-05', 'mem_pct', 35.7);
INSERT INTO synth_ci_metric_sample (ci_id, metric, value) VALUES ('PAY-DB-05', 'disk_pct', 56.0);
INSERT INTO synth_ci_metric_sample (ci_id, metric, value) VALUES ('PAY-DB-05', 'uptime_s', 14856112);
INSERT INTO synth_ci_metric_sample (ci_id, metric, value) VALUES ('PAY-DB-05', 'availability_pct', 99.56);
INSERT INTO synth_ci_metric_sample (ci_id, metric, value) VALUES ('PAY-DB-06', 'cpu_pct', 42.2);
INSERT INTO synth_ci_metric_sample (ci_id, metric, value) VALUES ('PAY-DB-06', 'mem_pct', 54.4);
INSERT INTO synth_ci_metric_sample (ci_id, metric, value) VALUES ('PAY-DB-06', 'disk_pct', 58.4);
INSERT INTO synth_ci_metric_sample (ci_id, metric, value) VALUES ('PAY-DB-06', 'uptime_s', 5865156);
INSERT INTO synth_ci_metric_sample (ci_id, metric, value) VALUES ('PAY-DB-06', 'availability_pct', 99.93);
INSERT INTO synth_ci_metric_sample (ci_id, metric, value) VALUES ('PAY-DB-07', 'cpu_pct', 38.5);
INSERT INTO synth_ci_metric_sample (ci_id, metric, value) VALUES ('PAY-DB-07', 'mem_pct', 54.1);
INSERT INTO synth_ci_metric_sample (ci_id, metric, value) VALUES ('PAY-DB-07', 'disk_pct', 35.4);
INSERT INTO synth_ci_metric_sample (ci_id, metric, value) VALUES ('PAY-DB-07', 'uptime_s', 17266618);
INSERT INTO synth_ci_metric_sample (ci_id, metric, value) VALUES ('PAY-DB-07', 'availability_pct', 99.82);
INSERT INTO synth_ci_metric_sample (ci_id, metric, value) VALUES ('PAY-WEB-08', 'cpu_pct', 17.0);
INSERT INTO synth_ci_metric_sample (ci_id, metric, value) VALUES ('PAY-WEB-08', 'mem_pct', 49.4);
INSERT INTO synth_ci_metric_sample (ci_id, metric, value) VALUES ('PAY-WEB-08', 'disk_pct', 17.9);
INSERT INTO synth_ci_metric_sample (ci_id, metric, value) VALUES ('PAY-WEB-08', 'uptime_s', 3906488);
INSERT INTO synth_ci_metric_sample (ci_id, metric, value) VALUES ('PAY-WEB-08', 'response_ms', 217.6);
INSERT INTO synth_ci_metric_sample (ci_id, metric, value) VALUES ('PAY-WEB-08', 'availability_pct', 99.49);
INSERT INTO synth_ci_metric_sample (ci_id, metric, value) VALUES ('PAY-WEB-09', 'cpu_pct', 29.5);
INSERT INTO synth_ci_metric_sample (ci_id, metric, value) VALUES ('PAY-WEB-09', 'mem_pct', 31.7);
INSERT INTO synth_ci_metric_sample (ci_id, metric, value) VALUES ('PAY-WEB-09', 'disk_pct', 45.1);
INSERT INTO synth_ci_metric_sample (ci_id, metric, value) VALUES ('PAY-WEB-09', 'uptime_s', 9509754);
INSERT INTO synth_ci_metric_sample (ci_id, metric, value) VALUES ('PAY-WEB-09', 'response_ms', 220.7);
INSERT INTO synth_ci_metric_sample (ci_id, metric, value) VALUES ('PAY-WEB-09', 'availability_pct', 99.59);
INSERT INTO synth_ci_metric_sample (ci_id, metric, value) VALUES ('PAY-HOS-10', 'cpu_pct', 34.5);
INSERT INTO synth_ci_metric_sample (ci_id, metric, value) VALUES ('PAY-HOS-10', 'mem_pct', 24.9);
INSERT INTO synth_ci_metric_sample (ci_id, metric, value) VALUES ('PAY-HOS-10', 'disk_pct', 49.8);
INSERT INTO synth_ci_metric_sample (ci_id, metric, value) VALUES ('PAY-HOS-10', 'uptime_s', 1271438);
INSERT INTO synth_ci_metric_sample (ci_id, metric, value) VALUES ('PAY-HOS-11', 'cpu_pct', 19.9);
INSERT INTO synth_ci_metric_sample (ci_id, metric, value) VALUES ('PAY-HOS-11', 'mem_pct', 40.0);
INSERT INTO synth_ci_metric_sample (ci_id, metric, value) VALUES ('PAY-HOS-11', 'disk_pct', 36.0);
INSERT INTO synth_ci_metric_sample (ci_id, metric, value) VALUES ('PAY-HOS-11', 'uptime_s', 9386436);
INSERT INTO synth_ci_metric_sample (ci_id, metric, value) VALUES ('PAY-HOS-12', 'cpu_pct', 40.1);
INSERT INTO synth_ci_metric_sample (ci_id, metric, value) VALUES ('PAY-HOS-12', 'mem_pct', 35.6);
INSERT INTO synth_ci_metric_sample (ci_id, metric, value) VALUES ('PAY-HOS-12', 'disk_pct', 62.9);
INSERT INTO synth_ci_metric_sample (ci_id, metric, value) VALUES ('PAY-HOS-12', 'uptime_s', 16368115);
INSERT INTO synth_ci_metric_sample (ci_id, metric, value) VALUES ('PAY-NET-13', 'cpu_pct', 45.9);
INSERT INTO synth_ci_metric_sample (ci_id, metric, value) VALUES ('PAY-NET-13', 'mem_pct', 57.5);
INSERT INTO synth_ci_metric_sample (ci_id, metric, value) VALUES ('PAY-NET-13', 'uptime_s', 15128218);
INSERT INTO synth_ci_metric_sample (ci_id, metric, value) VALUES ('PAY-NET-13', 'if_in_bps', 846481159);
INSERT INTO synth_ci_metric_sample (ci_id, metric, value) VALUES ('PAY-NET-13', 'if_out_bps', 732990980);
INSERT INTO synth_ci_metric_sample (ci_id, metric, value) VALUES ('PAY-NET-14', 'cpu_pct', 42.1);
INSERT INTO synth_ci_metric_sample (ci_id, metric, value) VALUES ('PAY-NET-14', 'mem_pct', 25.0);
INSERT INTO synth_ci_metric_sample (ci_id, metric, value) VALUES ('PAY-NET-14', 'uptime_s', 1989245);
INSERT INTO synth_ci_metric_sample (ci_id, metric, value) VALUES ('PAY-NET-14', 'if_in_bps', 426800234);
INSERT INTO synth_ci_metric_sample (ci_id, metric, value) VALUES ('PAY-NET-14', 'if_out_bps', 718915123);
INSERT INTO synth_ci_metric_sample (ci_id, metric, value) VALUES ('CARD-APP-01', 'cpu_pct', 44.9);
INSERT INTO synth_ci_metric_sample (ci_id, metric, value) VALUES ('CARD-APP-01', 'mem_pct', 24.2);
INSERT INTO synth_ci_metric_sample (ci_id, metric, value) VALUES ('CARD-APP-01', 'disk_pct', 45.1);
INSERT INTO synth_ci_metric_sample (ci_id, metric, value) VALUES ('CARD-APP-01', 'uptime_s', 17021141);
INSERT INTO synth_ci_metric_sample (ci_id, metric, value) VALUES ('CARD-APP-01', 'response_ms', 180.7);
INSERT INTO synth_ci_metric_sample (ci_id, metric, value) VALUES ('CARD-APP-01', 'availability_pct', 99.9);
INSERT INTO synth_ci_metric_sample (ci_id, metric, value) VALUES ('CARD-APP-02', 'cpu_pct', 15.6);
INSERT INTO synth_ci_metric_sample (ci_id, metric, value) VALUES ('CARD-APP-02', 'mem_pct', 59.9);
INSERT INTO synth_ci_metric_sample (ci_id, metric, value) VALUES ('CARD-APP-02', 'disk_pct', 36.2);
INSERT INTO synth_ci_metric_sample (ci_id, metric, value) VALUES ('CARD-APP-02', 'uptime_s', 2525402);
INSERT INTO synth_ci_metric_sample (ci_id, metric, value) VALUES ('CARD-APP-02', 'response_ms', 89.7);
INSERT INTO synth_ci_metric_sample (ci_id, metric, value) VALUES ('CARD-APP-02', 'availability_pct', 99.23);
INSERT INTO synth_ci_metric_sample (ci_id, metric, value) VALUES ('CARD-APP-03', 'cpu_pct', 21.7);
INSERT INTO synth_ci_metric_sample (ci_id, metric, value) VALUES ('CARD-APP-03', 'mem_pct', 33.1);
INSERT INTO synth_ci_metric_sample (ci_id, metric, value) VALUES ('CARD-APP-03', 'disk_pct', 41.3);
INSERT INTO synth_ci_metric_sample (ci_id, metric, value) VALUES ('CARD-APP-03', 'uptime_s', 17138492);
INSERT INTO synth_ci_metric_sample (ci_id, metric, value) VALUES ('CARD-APP-03', 'response_ms', 55.7);
INSERT INTO synth_ci_metric_sample (ci_id, metric, value) VALUES ('CARD-APP-03', 'availability_pct', 99.58);
INSERT INTO synth_ci_metric_sample (ci_id, metric, value) VALUES ('CARD-DB-04', 'cpu_pct', 29.6);
INSERT INTO synth_ci_metric_sample (ci_id, metric, value) VALUES ('CARD-DB-04', 'mem_pct', 22.9);
INSERT INTO synth_ci_metric_sample (ci_id, metric, value) VALUES ('CARD-DB-04', 'disk_pct', 50.0);
INSERT INTO synth_ci_metric_sample (ci_id, metric, value) VALUES ('CARD-DB-04', 'uptime_s', 5238763);
INSERT INTO synth_ci_metric_sample (ci_id, metric, value) VALUES ('CARD-DB-04', 'availability_pct', 99.68);
INSERT INTO synth_ci_metric_sample (ci_id, metric, value) VALUES ('CARD-DB-05', 'cpu_pct', 21.7);
INSERT INTO synth_ci_metric_sample (ci_id, metric, value) VALUES ('CARD-DB-05', 'mem_pct', 33.5);
INSERT INTO synth_ci_metric_sample (ci_id, metric, value) VALUES ('CARD-DB-05', 'disk_pct', 46.7);
INSERT INTO synth_ci_metric_sample (ci_id, metric, value) VALUES ('CARD-DB-05', 'uptime_s', 4200723);
INSERT INTO synth_ci_metric_sample (ci_id, metric, value) VALUES ('CARD-DB-05', 'availability_pct', 99.23);
INSERT INTO synth_ci_metric_sample (ci_id, metric, value) VALUES ('CARD-WEB-06', 'cpu_pct', 13.3);
INSERT INTO synth_ci_metric_sample (ci_id, metric, value) VALUES ('CARD-WEB-06', 'mem_pct', 37.7);
INSERT INTO synth_ci_metric_sample (ci_id, metric, value) VALUES ('CARD-WEB-06', 'disk_pct', 35.7);
INSERT INTO synth_ci_metric_sample (ci_id, metric, value) VALUES ('CARD-WEB-06', 'uptime_s', 11545718);
INSERT INTO synth_ci_metric_sample (ci_id, metric, value) VALUES ('CARD-WEB-06', 'response_ms', 191.6);
INSERT INTO synth_ci_metric_sample (ci_id, metric, value) VALUES ('CARD-WEB-06', 'availability_pct', 99.28);
INSERT INTO synth_ci_metric_sample (ci_id, metric, value) VALUES ('CARD-WEB-07', 'cpu_pct', 43.0);
INSERT INTO synth_ci_metric_sample (ci_id, metric, value) VALUES ('CARD-WEB-07', 'mem_pct', 68.8);
INSERT INTO synth_ci_metric_sample (ci_id, metric, value) VALUES ('CARD-WEB-07', 'disk_pct', 51.9);
INSERT INTO synth_ci_metric_sample (ci_id, metric, value) VALUES ('CARD-WEB-07', 'uptime_s', 7225019);
INSERT INTO synth_ci_metric_sample (ci_id, metric, value) VALUES ('CARD-WEB-07', 'response_ms', 176.8);
INSERT INTO synth_ci_metric_sample (ci_id, metric, value) VALUES ('CARD-WEB-07', 'availability_pct', 99.56);
INSERT INTO synth_ci_metric_sample (ci_id, metric, value) VALUES ('CARD-HOS-08', 'cpu_pct', 8.2);
INSERT INTO synth_ci_metric_sample (ci_id, metric, value) VALUES ('CARD-HOS-08', 'mem_pct', 55.2);
INSERT INTO synth_ci_metric_sample (ci_id, metric, value) VALUES ('CARD-HOS-08', 'disk_pct', 18.0);
INSERT INTO synth_ci_metric_sample (ci_id, metric, value) VALUES ('CARD-HOS-08', 'uptime_s', 5440507);
INSERT INTO synth_ci_metric_sample (ci_id, metric, value) VALUES ('CARD-HOS-09', 'cpu_pct', 46.3);
INSERT INTO synth_ci_metric_sample (ci_id, metric, value) VALUES ('CARD-HOS-09', 'mem_pct', 66.3);
INSERT INTO synth_ci_metric_sample (ci_id, metric, value) VALUES ('CARD-HOS-09', 'disk_pct', 53.2);
INSERT INTO synth_ci_metric_sample (ci_id, metric, value) VALUES ('CARD-HOS-09', 'uptime_s', 16764573);
INSERT INTO synth_ci_metric_sample (ci_id, metric, value) VALUES ('CARD-HOS-10', 'cpu_pct', 12.8);
INSERT INTO synth_ci_metric_sample (ci_id, metric, value) VALUES ('CARD-HOS-10', 'mem_pct', 58.7);
INSERT INTO synth_ci_metric_sample (ci_id, metric, value) VALUES ('CARD-HOS-10', 'disk_pct', 17.1);
INSERT INTO synth_ci_metric_sample (ci_id, metric, value) VALUES ('CARD-HOS-10', 'uptime_s', 14085921);
INSERT INTO synth_ci_metric_sample (ci_id, metric, value) VALUES ('CARD-NET-11', 'cpu_pct', 6.7);
INSERT INTO synth_ci_metric_sample (ci_id, metric, value) VALUES ('CARD-NET-11', 'mem_pct', 61.6);
INSERT INTO synth_ci_metric_sample (ci_id, metric, value) VALUES ('CARD-NET-11', 'uptime_s', 13761413);
INSERT INTO synth_ci_metric_sample (ci_id, metric, value) VALUES ('CARD-NET-11', 'if_in_bps', 133076679);
INSERT INTO synth_ci_metric_sample (ci_id, metric, value) VALUES ('CARD-NET-11', 'if_out_bps', 696250028);
INSERT INTO synth_ci_metric_sample (ci_id, metric, value) VALUES ('CARD-NET-12', 'cpu_pct', 52.6);
INSERT INTO synth_ci_metric_sample (ci_id, metric, value) VALUES ('CARD-NET-12', 'mem_pct', 20.9);
INSERT INTO synth_ci_metric_sample (ci_id, metric, value) VALUES ('CARD-NET-12', 'uptime_s', 15300254);
INSERT INTO synth_ci_metric_sample (ci_id, metric, value) VALUES ('CARD-NET-12', 'if_in_bps', 581156433);
INSERT INTO synth_ci_metric_sample (ci_id, metric, value) VALUES ('CARD-NET-12', 'if_out_bps', 768059014);
INSERT INTO synth_ci_metric_sample (ci_id, metric, value) VALUES ('MAIL-APP-01', 'cpu_pct', 21.5);
INSERT INTO synth_ci_metric_sample (ci_id, metric, value) VALUES ('MAIL-APP-01', 'mem_pct', 26.1);
INSERT INTO synth_ci_metric_sample (ci_id, metric, value) VALUES ('MAIL-APP-01', 'disk_pct', 44.4);
INSERT INTO synth_ci_metric_sample (ci_id, metric, value) VALUES ('MAIL-APP-01', 'uptime_s', 9709334);
INSERT INTO synth_ci_metric_sample (ci_id, metric, value) VALUES ('MAIL-APP-01', 'response_ms', 122.2);
INSERT INTO synth_ci_metric_sample (ci_id, metric, value) VALUES ('MAIL-APP-01', 'availability_pct', 99.9);
INSERT INTO synth_ci_metric_sample (ci_id, metric, value) VALUES ('MAIL-APP-02', 'cpu_pct', 41.3);
INSERT INTO synth_ci_metric_sample (ci_id, metric, value) VALUES ('MAIL-APP-02', 'mem_pct', 57.7);
INSERT INTO synth_ci_metric_sample (ci_id, metric, value) VALUES ('MAIL-APP-02', 'disk_pct', 47.4);
INSERT INTO synth_ci_metric_sample (ci_id, metric, value) VALUES ('MAIL-APP-02', 'uptime_s', 12411405);
INSERT INTO synth_ci_metric_sample (ci_id, metric, value) VALUES ('MAIL-APP-02', 'response_ms', 163.9);
INSERT INTO synth_ci_metric_sample (ci_id, metric, value) VALUES ('MAIL-APP-02', 'availability_pct', 99.85);
INSERT INTO synth_ci_metric_sample (ci_id, metric, value) VALUES ('MAIL-APP-03', 'cpu_pct', 4.1);
INSERT INTO synth_ci_metric_sample (ci_id, metric, value) VALUES ('MAIL-APP-03', 'mem_pct', 24.9);
INSERT INTO synth_ci_metric_sample (ci_id, metric, value) VALUES ('MAIL-APP-03', 'disk_pct', 15.0);
INSERT INTO synth_ci_metric_sample (ci_id, metric, value) VALUES ('MAIL-APP-03', 'uptime_s', 1774981);
INSERT INTO synth_ci_metric_sample (ci_id, metric, value) VALUES ('MAIL-APP-03', 'response_ms', 94.2);
INSERT INTO synth_ci_metric_sample (ci_id, metric, value) VALUES ('MAIL-APP-03', 'availability_pct', 99.4);
INSERT INTO synth_ci_metric_sample (ci_id, metric, value) VALUES ('MAIL-DB-04', 'cpu_pct', 47.1);
INSERT INTO synth_ci_metric_sample (ci_id, metric, value) VALUES ('MAIL-DB-04', 'mem_pct', 25.8);
INSERT INTO synth_ci_metric_sample (ci_id, metric, value) VALUES ('MAIL-DB-04', 'disk_pct', 38.0);
INSERT INTO synth_ci_metric_sample (ci_id, metric, value) VALUES ('MAIL-DB-04', 'uptime_s', 8163475);
INSERT INTO synth_ci_metric_sample (ci_id, metric, value) VALUES ('MAIL-DB-04', 'availability_pct', 99.94);
INSERT INTO synth_ci_metric_sample (ci_id, metric, value) VALUES ('MAIL-WEB-05', 'cpu_pct', 40.6);
INSERT INTO synth_ci_metric_sample (ci_id, metric, value) VALUES ('MAIL-WEB-05', 'mem_pct', 41.9);
INSERT INTO synth_ci_metric_sample (ci_id, metric, value) VALUES ('MAIL-WEB-05', 'disk_pct', 64.7);
INSERT INTO synth_ci_metric_sample (ci_id, metric, value) VALUES ('MAIL-WEB-05', 'uptime_s', 13233182);
INSERT INTO synth_ci_metric_sample (ci_id, metric, value) VALUES ('MAIL-WEB-05', 'response_ms', 108.0);
INSERT INTO synth_ci_metric_sample (ci_id, metric, value) VALUES ('MAIL-WEB-05', 'availability_pct', 99.2);
INSERT INTO synth_ci_metric_sample (ci_id, metric, value) VALUES ('MAIL-WEB-06', 'cpu_pct', 39.7);
INSERT INTO synth_ci_metric_sample (ci_id, metric, value) VALUES ('MAIL-WEB-06', 'mem_pct', 38.6);
INSERT INTO synth_ci_metric_sample (ci_id, metric, value) VALUES ('MAIL-WEB-06', 'disk_pct', 58.4);
INSERT INTO synth_ci_metric_sample (ci_id, metric, value) VALUES ('MAIL-WEB-06', 'uptime_s', 7789552);
INSERT INTO synth_ci_metric_sample (ci_id, metric, value) VALUES ('MAIL-WEB-06', 'response_ms', 66.6);
INSERT INTO synth_ci_metric_sample (ci_id, metric, value) VALUES ('MAIL-WEB-06', 'availability_pct', 99.63);
INSERT INTO synth_ci_metric_sample (ci_id, metric, value) VALUES ('MAIL-HOS-07', 'cpu_pct', 21.5);
INSERT INTO synth_ci_metric_sample (ci_id, metric, value) VALUES ('MAIL-HOS-07', 'mem_pct', 44.1);
INSERT INTO synth_ci_metric_sample (ci_id, metric, value) VALUES ('MAIL-HOS-07', 'disk_pct', 56.8);
INSERT INTO synth_ci_metric_sample (ci_id, metric, value) VALUES ('MAIL-HOS-07', 'uptime_s', 11365994);
INSERT INTO synth_ci_metric_sample (ci_id, metric, value) VALUES ('MAIL-HOS-08', 'cpu_pct', 31.3);
INSERT INTO synth_ci_metric_sample (ci_id, metric, value) VALUES ('MAIL-HOS-08', 'mem_pct', 26.7);
INSERT INTO synth_ci_metric_sample (ci_id, metric, value) VALUES ('MAIL-HOS-08', 'disk_pct', 29.8);
INSERT INTO synth_ci_metric_sample (ci_id, metric, value) VALUES ('MAIL-HOS-08', 'uptime_s', 3609957);
INSERT INTO synth_ci_metric_sample (ci_id, metric, value) VALUES ('MAIL-HOS-09', 'cpu_pct', 9.3);
INSERT INTO synth_ci_metric_sample (ci_id, metric, value) VALUES ('MAIL-HOS-09', 'mem_pct', 27.2);
INSERT INTO synth_ci_metric_sample (ci_id, metric, value) VALUES ('MAIL-HOS-09', 'disk_pct', 27.9);
INSERT INTO synth_ci_metric_sample (ci_id, metric, value) VALUES ('MAIL-HOS-09', 'uptime_s', 14969119);
INSERT INTO synth_ci_metric_sample (ci_id, metric, value) VALUES ('MAIL-NET-10', 'cpu_pct', 26.7);
INSERT INTO synth_ci_metric_sample (ci_id, metric, value) VALUES ('MAIL-NET-10', 'mem_pct', 34.6);
INSERT INTO synth_ci_metric_sample (ci_id, metric, value) VALUES ('MAIL-NET-10', 'uptime_s', 1996741);
INSERT INTO synth_ci_metric_sample (ci_id, metric, value) VALUES ('MAIL-NET-10', 'if_in_bps', 153885775);
INSERT INTO synth_ci_metric_sample (ci_id, metric, value) VALUES ('MAIL-NET-10', 'if_out_bps', 530543465);
INSERT INTO synth_ci_metric_sample (ci_id, metric, value) VALUES ('MAIL-NET-11', 'cpu_pct', 54.3);
INSERT INTO synth_ci_metric_sample (ci_id, metric, value) VALUES ('MAIL-NET-11', 'mem_pct', 60.9);
INSERT INTO synth_ci_metric_sample (ci_id, metric, value) VALUES ('MAIL-NET-11', 'uptime_s', 4862339);
INSERT INTO synth_ci_metric_sample (ci_id, metric, value) VALUES ('MAIL-NET-11', 'if_in_bps', 330107403);
INSERT INTO synth_ci_metric_sample (ci_id, metric, value) VALUES ('MAIL-NET-11', 'if_out_bps', 687018710);
INSERT INTO synth_ci_metric_sample (ci_id, metric, value) VALUES ('CRM-APP-01', 'cpu_pct', 44.8);
INSERT INTO synth_ci_metric_sample (ci_id, metric, value) VALUES ('CRM-APP-01', 'mem_pct', 32.7);
INSERT INTO synth_ci_metric_sample (ci_id, metric, value) VALUES ('CRM-APP-01', 'disk_pct', 20.5);
INSERT INTO synth_ci_metric_sample (ci_id, metric, value) VALUES ('CRM-APP-01', 'uptime_s', 6418465);
INSERT INTO synth_ci_metric_sample (ci_id, metric, value) VALUES ('CRM-APP-01', 'response_ms', 108.6);
INSERT INTO synth_ci_metric_sample (ci_id, metric, value) VALUES ('CRM-APP-01', 'availability_pct', 99.67);
INSERT INTO synth_ci_metric_sample (ci_id, metric, value) VALUES ('CRM-APP-02', 'cpu_pct', 27.6);
INSERT INTO synth_ci_metric_sample (ci_id, metric, value) VALUES ('CRM-APP-02', 'mem_pct', 20.9);
INSERT INTO synth_ci_metric_sample (ci_id, metric, value) VALUES ('CRM-APP-02', 'disk_pct', 61.2);
INSERT INTO synth_ci_metric_sample (ci_id, metric, value) VALUES ('CRM-APP-02', 'uptime_s', 10251214);
INSERT INTO synth_ci_metric_sample (ci_id, metric, value) VALUES ('CRM-APP-02', 'response_ms', 174.4);
INSERT INTO synth_ci_metric_sample (ci_id, metric, value) VALUES ('CRM-APP-02', 'availability_pct', 99.54);
INSERT INTO synth_ci_metric_sample (ci_id, metric, value) VALUES ('CRM-APP-03', 'cpu_pct', 5.0);
INSERT INTO synth_ci_metric_sample (ci_id, metric, value) VALUES ('CRM-APP-03', 'mem_pct', 25.3);
INSERT INTO synth_ci_metric_sample (ci_id, metric, value) VALUES ('CRM-APP-03', 'disk_pct', 38.5);
INSERT INTO synth_ci_metric_sample (ci_id, metric, value) VALUES ('CRM-APP-03', 'uptime_s', 18771674);
INSERT INTO synth_ci_metric_sample (ci_id, metric, value) VALUES ('CRM-APP-03', 'response_ms', 51.1);
INSERT INTO synth_ci_metric_sample (ci_id, metric, value) VALUES ('CRM-APP-03', 'availability_pct', 99.22);
INSERT INTO synth_ci_metric_sample (ci_id, metric, value) VALUES ('CRM-DB-04', 'cpu_pct', 45.6);
INSERT INTO synth_ci_metric_sample (ci_id, metric, value) VALUES ('CRM-DB-04', 'mem_pct', 66.0);
INSERT INTO synth_ci_metric_sample (ci_id, metric, value) VALUES ('CRM-DB-04', 'disk_pct', 53.4);
INSERT INTO synth_ci_metric_sample (ci_id, metric, value) VALUES ('CRM-DB-04', 'uptime_s', 2549077);
INSERT INTO synth_ci_metric_sample (ci_id, metric, value) VALUES ('CRM-DB-04', 'availability_pct', 99.48);
INSERT INTO synth_ci_metric_sample (ci_id, metric, value) VALUES ('CRM-DB-05', 'cpu_pct', 20.9);
INSERT INTO synth_ci_metric_sample (ci_id, metric, value) VALUES ('CRM-DB-05', 'mem_pct', 25.5);
INSERT INTO synth_ci_metric_sample (ci_id, metric, value) VALUES ('CRM-DB-05', 'disk_pct', 23.1);
INSERT INTO synth_ci_metric_sample (ci_id, metric, value) VALUES ('CRM-DB-05', 'uptime_s', 6379601);
INSERT INTO synth_ci_metric_sample (ci_id, metric, value) VALUES ('CRM-DB-05', 'availability_pct', 99.58);
INSERT INTO synth_ci_metric_sample (ci_id, metric, value) VALUES ('CRM-WEB-06', 'cpu_pct', 8.7);
INSERT INTO synth_ci_metric_sample (ci_id, metric, value) VALUES ('CRM-WEB-06', 'mem_pct', 36.8);
INSERT INTO synth_ci_metric_sample (ci_id, metric, value) VALUES ('CRM-WEB-06', 'disk_pct', 61.4);
INSERT INTO synth_ci_metric_sample (ci_id, metric, value) VALUES ('CRM-WEB-06', 'uptime_s', 7207996);
INSERT INTO synth_ci_metric_sample (ci_id, metric, value) VALUES ('CRM-WEB-06', 'response_ms', 103.7);
INSERT INTO synth_ci_metric_sample (ci_id, metric, value) VALUES ('CRM-WEB-06', 'availability_pct', 99.52);
INSERT INTO synth_ci_metric_sample (ci_id, metric, value) VALUES ('CRM-WEB-07', 'cpu_pct', 26.8);
INSERT INTO synth_ci_metric_sample (ci_id, metric, value) VALUES ('CRM-WEB-07', 'mem_pct', 65.8);
INSERT INTO synth_ci_metric_sample (ci_id, metric, value) VALUES ('CRM-WEB-07', 'disk_pct', 56.8);
INSERT INTO synth_ci_metric_sample (ci_id, metric, value) VALUES ('CRM-WEB-07', 'uptime_s', 3905950);
INSERT INTO synth_ci_metric_sample (ci_id, metric, value) VALUES ('CRM-WEB-07', 'response_ms', 223.8);
INSERT INTO synth_ci_metric_sample (ci_id, metric, value) VALUES ('CRM-WEB-07', 'availability_pct', 99.24);
INSERT INTO synth_ci_metric_sample (ci_id, metric, value) VALUES ('CRM-HOS-08', 'cpu_pct', 51.4);
INSERT INTO synth_ci_metric_sample (ci_id, metric, value) VALUES ('CRM-HOS-08', 'mem_pct', 34.7);
INSERT INTO synth_ci_metric_sample (ci_id, metric, value) VALUES ('CRM-HOS-08', 'uptime_s', 18148831);
INSERT INTO synth_ci_metric_sample (ci_id, metric, value) VALUES ('CRM-HOS-09', 'cpu_pct', 40.9);
INSERT INTO synth_ci_metric_sample (ci_id, metric, value) VALUES ('CRM-HOS-09', 'mem_pct', 59.7);
INSERT INTO synth_ci_metric_sample (ci_id, metric, value) VALUES ('CRM-HOS-09', 'disk_pct', 28.2);
INSERT INTO synth_ci_metric_sample (ci_id, metric, value) VALUES ('CRM-HOS-09', 'uptime_s', 2238846);
INSERT INTO synth_ci_metric_sample (ci_id, metric, value) VALUES ('CRM-NET-10', 'cpu_pct', 29.4);
INSERT INTO synth_ci_metric_sample (ci_id, metric, value) VALUES ('CRM-NET-10', 'mem_pct', 54.5);
INSERT INTO synth_ci_metric_sample (ci_id, metric, value) VALUES ('CRM-NET-10', 'uptime_s', 10895513);
INSERT INTO synth_ci_metric_sample (ci_id, metric, value) VALUES ('CRM-NET-10', 'if_in_bps', 745116181);
INSERT INTO synth_ci_metric_sample (ci_id, metric, value) VALUES ('CRM-NET-10', 'if_out_bps', 808986594);
INSERT INTO synth_ci_metric_sample (ci_id, metric, value) VALUES ('TRE-APP-01', 'cpu_pct', 15.5);
INSERT INTO synth_ci_metric_sample (ci_id, metric, value) VALUES ('TRE-APP-01', 'mem_pct', 30.9);
INSERT INTO synth_ci_metric_sample (ci_id, metric, value) VALUES ('TRE-APP-01', 'disk_pct', 46.2);
INSERT INTO synth_ci_metric_sample (ci_id, metric, value) VALUES ('TRE-APP-01', 'uptime_s', 9832303);
INSERT INTO synth_ci_metric_sample (ci_id, metric, value) VALUES ('TRE-APP-01', 'response_ms', 152.4);
INSERT INTO synth_ci_metric_sample (ci_id, metric, value) VALUES ('TRE-APP-01', 'availability_pct', 99.65);
INSERT INTO synth_ci_metric_sample (ci_id, metric, value) VALUES ('TRE-APP-02', 'cpu_pct', 31.3);
INSERT INTO synth_ci_metric_sample (ci_id, metric, value) VALUES ('TRE-APP-02', 'mem_pct', 33.6);
INSERT INTO synth_ci_metric_sample (ci_id, metric, value) VALUES ('TRE-APP-02', 'disk_pct', 32.9);
INSERT INTO synth_ci_metric_sample (ci_id, metric, value) VALUES ('TRE-APP-02', 'uptime_s', 13608590);
INSERT INTO synth_ci_metric_sample (ci_id, metric, value) VALUES ('TRE-APP-02', 'response_ms', 208.1);
INSERT INTO synth_ci_metric_sample (ci_id, metric, value) VALUES ('TRE-APP-02', 'availability_pct', 99.79);
INSERT INTO synth_ci_metric_sample (ci_id, metric, value) VALUES ('TRE-APP-03', 'cpu_pct', 23.9);
INSERT INTO synth_ci_metric_sample (ci_id, metric, value) VALUES ('TRE-APP-03', 'mem_pct', 53.1);
INSERT INTO synth_ci_metric_sample (ci_id, metric, value) VALUES ('TRE-APP-03', 'disk_pct', 32.7);
INSERT INTO synth_ci_metric_sample (ci_id, metric, value) VALUES ('TRE-APP-03', 'uptime_s', 9426352);
INSERT INTO synth_ci_metric_sample (ci_id, metric, value) VALUES ('TRE-APP-03', 'response_ms', 166.0);
INSERT INTO synth_ci_metric_sample (ci_id, metric, value) VALUES ('TRE-APP-03', 'availability_pct', 99.25);
INSERT INTO synth_ci_metric_sample (ci_id, metric, value) VALUES ('TRE-DB-04', 'cpu_pct', 5.1);
INSERT INTO synth_ci_metric_sample (ci_id, metric, value) VALUES ('TRE-DB-04', 'mem_pct', 26.2);
INSERT INTO synth_ci_metric_sample (ci_id, metric, value) VALUES ('TRE-DB-04', 'disk_pct', 54.6);
INSERT INTO synth_ci_metric_sample (ci_id, metric, value) VALUES ('TRE-DB-04', 'uptime_s', 17655448);
INSERT INTO synth_ci_metric_sample (ci_id, metric, value) VALUES ('TRE-DB-04', 'availability_pct', 99.26);
INSERT INTO synth_ci_metric_sample (ci_id, metric, value) VALUES ('TRE-DB-05', 'cpu_pct', 51.9);
INSERT INTO synth_ci_metric_sample (ci_id, metric, value) VALUES ('TRE-DB-05', 'mem_pct', 22.1);
INSERT INTO synth_ci_metric_sample (ci_id, metric, value) VALUES ('TRE-DB-05', 'disk_pct', 60.9);
INSERT INTO synth_ci_metric_sample (ci_id, metric, value) VALUES ('TRE-DB-05', 'uptime_s', 662616);
INSERT INTO synth_ci_metric_sample (ci_id, metric, value) VALUES ('TRE-DB-05', 'availability_pct', 99.58);
INSERT INTO synth_ci_metric_sample (ci_id, metric, value) VALUES ('TRE-WEB-06', 'cpu_pct', 50.3);
INSERT INTO synth_ci_metric_sample (ci_id, metric, value) VALUES ('TRE-WEB-06', 'mem_pct', 27.5);
INSERT INTO synth_ci_metric_sample (ci_id, metric, value) VALUES ('TRE-WEB-06', 'disk_pct', 53.4);
INSERT INTO synth_ci_metric_sample (ci_id, metric, value) VALUES ('TRE-WEB-06', 'uptime_s', 18545512);
INSERT INTO synth_ci_metric_sample (ci_id, metric, value) VALUES ('TRE-WEB-06', 'response_ms', 41.0);
INSERT INTO synth_ci_metric_sample (ci_id, metric, value) VALUES ('TRE-WEB-06', 'availability_pct', 99.44);
INSERT INTO synth_ci_metric_sample (ci_id, metric, value) VALUES ('TRE-HOS-07', 'cpu_pct', 28.7);
INSERT INTO synth_ci_metric_sample (ci_id, metric, value) VALUES ('TRE-HOS-07', 'mem_pct', 69.8);
INSERT INTO synth_ci_metric_sample (ci_id, metric, value) VALUES ('TRE-HOS-07', 'disk_pct', 24.5);
INSERT INTO synth_ci_metric_sample (ci_id, metric, value) VALUES ('TRE-HOS-07', 'uptime_s', 13916634);
INSERT INTO synth_ci_metric_sample (ci_id, metric, value) VALUES ('TRE-HOS-08', 'cpu_pct', 49.6);
INSERT INTO synth_ci_metric_sample (ci_id, metric, value) VALUES ('TRE-HOS-08', 'mem_pct', 61.3);
INSERT INTO synth_ci_metric_sample (ci_id, metric, value) VALUES ('TRE-HOS-08', 'disk_pct', 48.0);
INSERT INTO synth_ci_metric_sample (ci_id, metric, value) VALUES ('TRE-HOS-08', 'uptime_s', 16134806);
INSERT INTO synth_ci_metric_sample (ci_id, metric, value) VALUES ('TRE-NET-09', 'cpu_pct', 49.4);
INSERT INTO synth_ci_metric_sample (ci_id, metric, value) VALUES ('TRE-NET-09', 'mem_pct', 34.2);
INSERT INTO synth_ci_metric_sample (ci_id, metric, value) VALUES ('TRE-NET-09', 'uptime_s', 17454450);
INSERT INTO synth_ci_metric_sample (ci_id, metric, value) VALUES ('TRE-NET-09', 'if_in_bps', 351532495);
INSERT INTO synth_ci_metric_sample (ci_id, metric, value) VALUES ('TRE-NET-09', 'if_out_bps', 528917535);

UPDATE synth_cmdb_ci SET status = 'up' WHERE id = 'CBS-APP-01';
UPDATE synth_cmdb_ci SET status = 'up' WHERE id = 'CBS-APP-02';
UPDATE synth_cmdb_ci SET status = 'up' WHERE id = 'CBS-APP-03';
UPDATE synth_cmdb_ci SET status = 'up' WHERE id = 'CBS-APP-04';
UPDATE synth_cmdb_ci SET status = 'up' WHERE id = 'CBS-DB-05';
UPDATE synth_cmdb_ci SET status = 'up' WHERE id = 'CBS-DB-06';
UPDATE synth_cmdb_ci SET status = 'up' WHERE id = 'CBS-DB-07';
UPDATE synth_cmdb_ci SET status = 'up' WHERE id = 'CBS-WEB-08';
UPDATE synth_cmdb_ci SET status = 'up' WHERE id = 'CBS-WEB-09';
UPDATE synth_cmdb_ci SET status = 'up' WHERE id = 'CBS-HOS-10';
UPDATE synth_cmdb_ci SET status = 'up' WHERE id = 'CBS-HOS-11';
UPDATE synth_cmdb_ci SET status = 'up' WHERE id = 'CBS-HOS-12';
UPDATE synth_cmdb_ci SET status = 'up' WHERE id = 'CBS-HOS-13';
UPDATE synth_cmdb_ci SET status = 'up' WHERE id = 'CBS-NET-14';
UPDATE synth_cmdb_ci SET status = 'up' WHERE id = 'CBS-NET-15';
UPDATE synth_cmdb_ci SET status = 'up' WHERE id = 'CBS-NET-16';
UPDATE synth_cmdb_ci SET status = 'degraded' WHERE id = 'IB-APP-01';
UPDATE synth_cmdb_ci SET status = 'up' WHERE id = 'IB-APP-02';
UPDATE synth_cmdb_ci SET status = 'up' WHERE id = 'IB-APP-03';
UPDATE synth_cmdb_ci SET status = 'up' WHERE id = 'IB-APP-04';
UPDATE synth_cmdb_ci SET status = 'up' WHERE id = 'IB-DB-05';
UPDATE synth_cmdb_ci SET status = 'up' WHERE id = 'IB-DB-06';
UPDATE synth_cmdb_ci SET status = 'up' WHERE id = 'IB-WEB-07';
UPDATE synth_cmdb_ci SET status = 'up' WHERE id = 'IB-WEB-08';
UPDATE synth_cmdb_ci SET status = 'up' WHERE id = 'IB-WEB-09';
UPDATE synth_cmdb_ci SET status = 'up' WHERE id = 'IB-HOS-10';
UPDATE synth_cmdb_ci SET status = 'up' WHERE id = 'IB-HOS-11';
UPDATE synth_cmdb_ci SET status = 'up' WHERE id = 'IB-HOS-12';
UPDATE synth_cmdb_ci SET status = 'up' WHERE id = 'IB-NET-13';
UPDATE synth_cmdb_ci SET status = 'up' WHERE id = 'IB-NET-14';
UPDATE synth_cmdb_ci SET status = 'up' WHERE id = 'MOB-APP-01';
UPDATE synth_cmdb_ci SET status = 'up' WHERE id = 'MOB-APP-02';
UPDATE synth_cmdb_ci SET status = 'up' WHERE id = 'MOB-APP-03';
UPDATE synth_cmdb_ci SET status = 'up' WHERE id = 'MOB-APP-04';
UPDATE synth_cmdb_ci SET status = 'up' WHERE id = 'MOB-DB-05';
UPDATE synth_cmdb_ci SET status = 'up' WHERE id = 'MOB-DB-06';
UPDATE synth_cmdb_ci SET status = 'up' WHERE id = 'MOB-WEB-07';
UPDATE synth_cmdb_ci SET status = 'up' WHERE id = 'MOB-WEB-08';
UPDATE synth_cmdb_ci SET status = 'up' WHERE id = 'MOB-HOS-09';
UPDATE synth_cmdb_ci SET status = 'up' WHERE id = 'MOB-HOS-10';
UPDATE synth_cmdb_ci SET status = 'up' WHERE id = 'MOB-HOS-11';
UPDATE synth_cmdb_ci SET status = 'up' WHERE id = 'MOB-NET-12';
UPDATE synth_cmdb_ci SET status = 'up' WHERE id = 'MOB-NET-13';
UPDATE synth_cmdb_ci SET status = 'up' WHERE id = 'ATM-APP-01';
UPDATE synth_cmdb_ci SET status = 'up' WHERE id = 'ATM-APP-02';
UPDATE synth_cmdb_ci SET status = 'up' WHERE id = 'ATM-APP-03';
UPDATE synth_cmdb_ci SET status = 'up' WHERE id = 'ATM-DB-04';
UPDATE synth_cmdb_ci SET status = 'up' WHERE id = 'ATM-DB-05';
UPDATE synth_cmdb_ci SET status = 'up' WHERE id = 'ATM-HOS-06';
UPDATE synth_cmdb_ci SET status = 'up' WHERE id = 'ATM-HOS-07';
UPDATE synth_cmdb_ci SET status = 'up' WHERE id = 'ATM-HOS-08';
UPDATE synth_cmdb_ci SET status = 'up' WHERE id = 'ATM-NET-09';
UPDATE synth_cmdb_ci SET status = 'up' WHERE id = 'ATM-NET-10';
UPDATE synth_cmdb_ci SET status = 'up' WHERE id = 'ATM-NET-11';
UPDATE synth_cmdb_ci SET status = 'down' WHERE id = 'ATM-NET-12';
UPDATE synth_cmdb_ci SET status = 'up' WHERE id = 'PAY-APP-01';
UPDATE synth_cmdb_ci SET status = 'up' WHERE id = 'PAY-APP-02';
UPDATE synth_cmdb_ci SET status = 'up' WHERE id = 'PAY-APP-03';
UPDATE synth_cmdb_ci SET status = 'up' WHERE id = 'PAY-APP-04';
UPDATE synth_cmdb_ci SET status = 'up' WHERE id = 'PAY-DB-05';
UPDATE synth_cmdb_ci SET status = 'up' WHERE id = 'PAY-DB-06';
UPDATE synth_cmdb_ci SET status = 'up' WHERE id = 'PAY-DB-07';
UPDATE synth_cmdb_ci SET status = 'up' WHERE id = 'PAY-WEB-08';
UPDATE synth_cmdb_ci SET status = 'up' WHERE id = 'PAY-WEB-09';
UPDATE synth_cmdb_ci SET status = 'up' WHERE id = 'PAY-HOS-10';
UPDATE synth_cmdb_ci SET status = 'up' WHERE id = 'PAY-HOS-11';
UPDATE synth_cmdb_ci SET status = 'up' WHERE id = 'PAY-HOS-12';
UPDATE synth_cmdb_ci SET status = 'up' WHERE id = 'PAY-NET-13';
UPDATE synth_cmdb_ci SET status = 'up' WHERE id = 'PAY-NET-14';
UPDATE synth_cmdb_ci SET status = 'up' WHERE id = 'CARD-APP-01';
UPDATE synth_cmdb_ci SET status = 'up' WHERE id = 'CARD-APP-02';
UPDATE synth_cmdb_ci SET status = 'up' WHERE id = 'CARD-APP-03';
UPDATE synth_cmdb_ci SET status = 'up' WHERE id = 'CARD-DB-04';
UPDATE synth_cmdb_ci SET status = 'up' WHERE id = 'CARD-DB-05';
UPDATE synth_cmdb_ci SET status = 'up' WHERE id = 'CARD-WEB-06';
UPDATE synth_cmdb_ci SET status = 'up' WHERE id = 'CARD-WEB-07';
UPDATE synth_cmdb_ci SET status = 'up' WHERE id = 'CARD-HOS-08';
UPDATE synth_cmdb_ci SET status = 'up' WHERE id = 'CARD-HOS-09';
UPDATE synth_cmdb_ci SET status = 'up' WHERE id = 'CARD-HOS-10';
UPDATE synth_cmdb_ci SET status = 'up' WHERE id = 'CARD-NET-11';
UPDATE synth_cmdb_ci SET status = 'up' WHERE id = 'CARD-NET-12';
UPDATE synth_cmdb_ci SET status = 'up' WHERE id = 'MAIL-APP-01';
UPDATE synth_cmdb_ci SET status = 'up' WHERE id = 'MAIL-APP-02';
UPDATE synth_cmdb_ci SET status = 'up' WHERE id = 'MAIL-APP-03';
UPDATE synth_cmdb_ci SET status = 'up' WHERE id = 'MAIL-DB-04';
UPDATE synth_cmdb_ci SET status = 'up' WHERE id = 'MAIL-WEB-05';
UPDATE synth_cmdb_ci SET status = 'up' WHERE id = 'MAIL-WEB-06';
UPDATE synth_cmdb_ci SET status = 'up' WHERE id = 'MAIL-HOS-07';
UPDATE synth_cmdb_ci SET status = 'up' WHERE id = 'MAIL-HOS-08';
UPDATE synth_cmdb_ci SET status = 'up' WHERE id = 'MAIL-HOS-09';
UPDATE synth_cmdb_ci SET status = 'up' WHERE id = 'MAIL-NET-10';
UPDATE synth_cmdb_ci SET status = 'up' WHERE id = 'MAIL-NET-11';
UPDATE synth_cmdb_ci SET status = 'up' WHERE id = 'CRM-APP-01';
UPDATE synth_cmdb_ci SET status = 'up' WHERE id = 'CRM-APP-02';
UPDATE synth_cmdb_ci SET status = 'up' WHERE id = 'CRM-APP-03';
UPDATE synth_cmdb_ci SET status = 'up' WHERE id = 'CRM-DB-04';
UPDATE synth_cmdb_ci SET status = 'up' WHERE id = 'CRM-DB-05';
UPDATE synth_cmdb_ci SET status = 'up' WHERE id = 'CRM-WEB-06';
UPDATE synth_cmdb_ci SET status = 'up' WHERE id = 'CRM-WEB-07';
UPDATE synth_cmdb_ci SET status = 'up' WHERE id = 'CRM-HOS-08';
UPDATE synth_cmdb_ci SET status = 'up' WHERE id = 'CRM-HOS-09';
UPDATE synth_cmdb_ci SET status = 'up' WHERE id = 'CRM-NET-10';
UPDATE synth_cmdb_ci SET status = 'up' WHERE id = 'TRE-APP-01';
UPDATE synth_cmdb_ci SET status = 'up' WHERE id = 'TRE-APP-02';
UPDATE synth_cmdb_ci SET status = 'up' WHERE id = 'TRE-APP-03';
UPDATE synth_cmdb_ci SET status = 'up' WHERE id = 'TRE-DB-04';
UPDATE synth_cmdb_ci SET status = 'up' WHERE id = 'TRE-DB-05';
UPDATE synth_cmdb_ci SET status = 'up' WHERE id = 'TRE-WEB-06';
UPDATE synth_cmdb_ci SET status = 'up' WHERE id = 'TRE-HOS-07';
UPDATE synth_cmdb_ci SET status = 'up' WHERE id = 'TRE-HOS-08';
UPDATE synth_cmdb_ci SET status = 'up' WHERE id = 'TRE-NET-09';
